"id","id_1","id_2","id_3","id_4","id_8","id_10","id_12","id_13","id_15","id_16","id_17","id_19","id_22","id_23","id_24","id_25","id_26","id_28","id_30","id_31","id_32","id_34","id_35","id_36","id_37","id_38","id_39","id_41","id_42","id_43","id_45","id_46","id_48","id_49","id_50","id_51","id_52","id_53","id_55","id_56","id_57","id_58","id_59","id_60","id_61","id_65","id_66","id_67","id_69","id_70","id_71","id_73","id_74","id_75","id_77","id_78","id_80","id_82","id_84","id_1995","id_2013","id_2014","id_2015","id_2016","id_2018","id_2019","id_2020","id_2021","id_2022","id_2023","id_2024","id_2025","id_2026","id_2027","id_2028","id_2029","id_2031","id_2032","id_2033","id_2034","id_2035","id_2036","id_2037","id_2038","id_2039","id_2040","id_2041","id_2042","id_2043","id_2044","id_2045","id_2046","id_2047","id_2048","id_2049","id_2050","id_2051","id_2052","id_2053","id_2054","id_2055","id_2056","id_2057","id_2058","id_2059","id_2060","id_2061","id_2062","id_2063","id_2064","id_2065","id_2066","id_2067","id_2068","id_2069","id_2070","id_2071","id_2072","id_2073","id_2074","id_2075","id_2076"
"id_1",0,128,88,120,44,31,101,243,105,0,0,0,0,0,130,0,0,0,0,0,0,0,56,0,0,0,0,0,0,0,0,86,0,0,0,0,0,0,0,0,0,0,0,0,0,0,0,0,0,0,0,0,0,0,0,0,0,0,153,0,123,52,131,136,32,12,46,0,0,0,0,0,0,0,0,0,0,0,0,0,0,0,0,0,0,0,0,0,0,0,0,0,0,0,0,0,0,0,0,0,0,0,0,0,0,0,21,0,51,0,0,0,0,0,0,0,0,0,0,0,0,0
"id_2",83,0,0,0,0,0,0,6,0,0,0,0,0,0,75,0,0,0,0,0,0,0,56,0,0,0,0,0,0,0,0,98,0,0,0,0,0,0,0,0,3,0,0,0,0,0,0,0,0,0,0,0,0,0,0,0,0,0,0,0,0,0,0,0,0,0,0,0,0,0,0,0,0,0,0,0,0,0,0,0,0,0,0,0,0,0,0,0,0,0,0,0,0,0,0,0,0,0,0,0,0,0,0,0,0,0,0,0,0,0,0,0,0,0,0,0,0,0,0,0,0,0
"id_3",144,28,0,2118,906,2052,2228,103,2275,424,104,380,95,210,0,1081,110,113,114,44,1011,694,0,61,220,86,54,0,170,0,0,0,0,0,0,0,0,0,0,0,0,0,0,0,0,0,0,0,0,0,0,0,0,0,0,0,0,0,2702,0,37,45,111,128,370,0,0,206,2001,586,132,221,110,328,47,199,121,112,121,172,0,0,0,1625,599,333,127,0,927,501,393,0,264,343,328,0,117,124,72,114,43,0,0,0,0,695,3040,2048,1797,1244,603,49,0,0,0,2049,96,140,38,2316,0,0
"id_4",197,0,2169,0,1212,2165,1258,175,2529,75,6,453,0,443,0,872,0,0,0,814,1953,937,0,0,0,1698,0,0,148,0,0,0,0,0,0,0,0,0,0,0,0,0,0,0,0,0,0,0,0,0,0,0,0,0,0,0,0,0,1649,0,89,76,185,118,19,0,49,26,2020,464,144,38,0,197,0,61,53,32,95,76,0,0,0,3673,2182,292,139,0,550,250,123,0,57,651,196,0,185,239,0,0,399,116,0,0,83,1302,1790,2988,2141,3326,2145,0,0,0,0,1856,0,128,76,1183,0,0
"id_8",41,0,891,1744,0,2410,1138,95,2115,623,330,166,170,2166,0,1569,402,72,45,481,974,1380,0,0,0,635,0,0,1007,0,0,0,0,0,0,0,0,0,0,0,0,0,0,0,0,0,0,0,0,0,0,0,0,0,0,0,0,0,417,0,0,36,104,42,100,0,0,31,1774,52,0,0,0,0,0,0,0,0,0,0,0,0,0,1252,1074,134,93,0,114,29,0,0,77,402,59,0,253,52,0,0,667,3,0,0,19,1145,2354,2782,1550,2418,1989,0,0,0,0,1285,0,0,0,437,0,0
"id_10",54,0,1865,2007,1996,0,909,104,947,522,0,578,0,1349,0,1863,743,0,0,445,1250,1079,0,0,146,369,0,0,1056,0,0,0,0,0,0,0,0,0,0,0,0,0,0,0,0,0,0,0,0,0,0,0,0,0,0,0,0,0,1110,0,56,76,244,303,245,0,115,119,689,489,115,78,15,166,3,2,50,29,50,28,0,0,0,0,92,0,191,0,0,13,0,0,0,391,0,0,206,68,0,0,16,0,0,0,0,1013,2210,1919,1450,1154,1217,0,0,0,0,1972,0,144,79,349,0,0
"id_12",150,0,1976,1654,1159,1052,0,218,2421,242,246,471,219,1128,0,179,25,0,0,192,1058,376,0,0,41,266,0,0,190,0,0,0,0,0,0,0,0,0,0,0,0,0,0,0,0,0,0,0,0,0,0,0,0,0,0,0,0,0,2644,0,40,64,231,229,163,31,169,167,1596,218,128,16,0,509,235,233,164,150,208,169,0,0,176,791,1057,398,164,401,459,400,311,176,652,444,385,386,175,201,202,116,795,33,0,0,21,553,977,1001,1357,1369,247,0,0,0,0,1052,0,116,19,2343,0,0
"id_13",230,80,71,176,58,118,111,0,52,0,0,0,0,0,94,0,0,0,0,0,0,0,36,0,0,0,0,0,0,0,0,85,0,0,0,0,0,0,0,0,0,0,0,0,0,0,0,0,0,0,0,0,0,0,0,0,0,0,273,0,87,41,21,97,85,50,34,0,0,0,0,0,0,0,0,0,0,0,0,0,0,0,0,0,0,0,0,0,0,0,0,0,0,0,0,0,0,0,0,0,0,0,0,0,0,74,85,0,51,0,0,0,0,0,0,0,0,0,0,0,0,0
"id_15",107,0,2119,2781,1658,1021,2445,127,0,322,56,393,38,486,0,885,103,0,27,250,1723,1364,0,0,164,551,0,0,448,0,0,0,0,0,0,0,0,0,0,0,0,0,0,0,0,0,0,0,0,0,0,0,0,0,0,0,0,0,2856,0,0,72,147,26,17,24,35,13,1981,330,168,84,109,262,0,262,191,136,128,264,0,175,0,2079,1361,359,220,6,731,214,15,0,270,547,524,0,90,353,191,154,541,0,0,0,0,731,1606,2733,2303,2024,1294,0,0,0,0,1343,37,121,18,2025,0,0
"id_16",0,0,527,266,829,697,432,0,387,0,1614,841,1411,1804,0,891,1559,908,1375,604,482,388,0,788,1257,488,0,0,438,0,0,0,0,0,0,0,0,0,0,0,0,0,0,0,0,0,0,0,0,0,0,0,0,0,0,0,0,0,85,0,0,0,0,4,146,0,0,0,187,0,0,0,0,0,0,0,0,0,0,0,0,0,0,0,0,0,0,0,0,0,0,0,0,0,0,0,129,0,0,0,0,0,0,0,0,2417,640,739,104,551,721,0,0,0,0,752,95,0,0,226,0,0
"id_17",0,0,96,0,261,0,116,0,35,1480,0,525,2972,1329,0,0,1977,308,816,0,235,103,0,868,2650,331,0,0,485,0,0,0,0,0,0,0,0,0,0,0,0,0,0,0,0,0,0,0,0,0,0,0,0,0,0,0,0,0,0,0,0,0,0,0,0,0,0,0,358,0,0,0,0,0,0,0,0,0,0,0,0,0,0,0,0,0,0,0,0,0,0,0,0,0,0,0,58,0,0,0,0,0,0,0,0,1628,0,58,0,81,527,0,0,0,0,559,243,0,0,166,0,0
"id_19",0,0,497,643,160,597,594,0,284,1094,667,0,429,893,0,342,302,404,370,246,549,168,0,250,418,36,125,212,220,138,0,0,98,491,544,167,275,218,481,1186,0,135,38,850,303,688,419,283,171,0,0,0,0,0,0,0,0,0,395,0,0,0,0,0,73,0,0,140,245,241,195,132,76,193,7,0,0,0,0,0,0,0,0,0,0,0,0,0,0,0,0,0,0,0,0,0,0,0,0,0,0,0,0,0,0,610,823,491,411,670,840,77,37,28,828,481,140,0,0,300,593,289
"id_22",0,0,49,0,149,0,328,0,0,1547,2577,498,0,497,0,162,1833,3006,708,428,108,152,0,893,72,276,2085,0,87,0,0,0,0,0,0,0,0,0,0,0,0,0,0,0,0,0,0,0,0,0,0,0,0,0,0,0,0,0,0,0,0,0,0,0,0,0,0,0,0,0,0,0,0,0,0,0,0,0,0,0,0,0,0,0,0,0,0,0,0,0,0,0,0,0,0,0,127,0,0,0,0,0,0,0,0,806,0,0,0,220,112,26,0,0,0,180,5,0,0,172,0,0
"id_23",0,0,101,724,2180,1621,1090,0,610,1415,733,917,838,0,0,1169,1486,0,639,487,236,877,0,24,820,328,0,0,1531,0,0,0,0,0,0,0,0,0,0,0,0,0,0,0,0,0,0,0,0,0,0,0,0,0,0,0,0,0,0,0,0,0,0,0,0,0,0,0,1514,0,8,0,0,0,0,0,0,0,0,0,0,0,0,641,779,0,0,0,0,0,0,0,0,0,0,0,107,0,0,0,566,0,0,0,6,1814,848,1120,150,1239,1437,0,0,0,0,700,0,0,0,118,0,0
"id_24",87,109,0,0,0,14,0,56,0,0,0,0,0,0,0,0,0,0,0,0,0,0,50,0,0,0,0,0,0,0,0,73,0,0,0,0,0,0,0,0,3,0,0,0,0,0,0,0,0,0,0,0,0,0,0,0,0,0,14,0,0,0,0,0,0,0,0,0,0,0,0,0,0,0,0,0,0,0,0,0,0,0,0,0,0,0,0,0,0,0,0,0,0,0,0,0,0,0,0,0,0,0,0,0,0,13,0,0,11,0,0,0,0,0,0,0,0,0,0,0,0,0
"id_25",0,0,1700,1755,1150,2115,273,0,815,1091,0,611,172,874,0,0,376,0,250,495,1090,623,0,0,961,159,0,0,806,0,0,0,0,0,0,0,0,0,0,0,0,0,0,0,0,0,0,0,0,0,0,0,0,0,0,0,0,0,580,0,0,0,0,0,52,0,0,0,1128,441,0,0,0,0,0,0,0,0,95,64,0,0,0,480,21,149,98,0,112,0,0,0,0,193,0,0,191,108,0,0,0,0,0,0,0,944,1882,1491,415,605,1446,0,0,0,0,1492,132,73,73,136,0,0
"id_26",0,0,150,0,334,752,52,0,49,1552,1904,616,2198,1466,0,555,0,249,1529,171,318,461,0,104,1456,34,0,0,1511,0,0,0,0,0,0,0,0,0,0,0,0,0,0,0,0,0,0,0,0,0,0,0,0,0,0,0,0,0,0,0,0,0,0,0,0,0,0,0,413,0,0,0,0,0,0,0,0,0,0,0,0,0,0,0,0,0,138,0,0,0,0,0,0,0,0,0,127,0,0,0,0,0,0,0,0,1305,444,194,0,529,418,0,0,0,0,288,129,0,0,228,0,0
"id_28",0,0,123,0,78,0,0,0,0,1157,443,381,3089,0,0,0,612,0,2091,450,65,302,0,1240,122,471,965,0,103,0,0,0,0,0,0,0,0,0,0,0,0,0,0,0,0,0,0,0,0,0,0,0,0,0,0,0,0,0,0,0,0,0,0,0,0,0,0,0,0,0,0,0,0,0,0,0,0,0,0,0,0,0,0,0,0,0,0,0,0,0,0,0,0,0,0,0,95,0,0,0,0,0,0,0,0,18,0,145,0,0,129,527,0,0,0,210,340,0,0,167,0,0
"id_30",0,0,75,0,381,0,0,0,0,1404,842,396,712,633,0,473,1031,2351,0,1671,203,252,0,1032,1347,423,310,0,646,0,0,0,0,0,0,0,0,0,0,0,0,0,0,0,0,0,0,0,0,0,0,0,0,0,0,0,0,0,0,0,0,0,0,0,0,0,0,0,293,0,0,0,0,0,0,0,0,0,0,0,0,0,0,0,0,0,0,0,0,0,0,0,0,0,0,0,306,0,0,0,0,0,0,0,0,980,460,0,0,300,247,255,0,0,0,320,93,0,0,266,0,0
"id_31",0,0,53,664,208,540,343,0,145,548,0,288,351,508,0,306,427,381,2888,0,1909,1598,0,3489,409,1500,0,0,494,0,0,0,0,0,0,0,0,0,0,0,0,0,0,0,0,0,0,0,0,0,0,0,0,0,0,0,0,0,51,0,0,0,0,0,0,0,0,0,75,0,0,0,0,0,0,0,0,0,0,0,0,0,0,810,316,0,0,0,0,0,0,0,0,147,0,0,225,210,0,0,204,187,0,0,89,302,264,604,347,1091,974,0,0,0,0,492,0,0,0,343,0,0
"id_32",0,0,1262,1796,808,1183,1368,0,2358,340,169,416,170,236,0,961,169,106,230,2155,0,2472,0,1239,71,783,0,0,983,0,0,0,0,0,0,0,0,0,0,0,0,0,0,0,0,0,0,0,0,0,0,0,0,0,0,0,0,0,1554,0,0,0,0,0,0,0,0,0,945,128,0,0,1,198,217,68,0,0,0,0,0,0,0,1167,756,277,119,0,88,123,0,0,685,486,79,0,72,108,248,172,138,457,234,91,77,875,709,1139,1751,1643,938,0,0,0,0,1643,0,11,0,1512,0,0
"id_34",0,0,626,1258,1205,1243,332,0,1406,482,107,215,147,636,0,480,400,183,1095,2968,1521,0,0,3429,525,1524,0,0,889,0,0,0,0,0,0,0,0,0,0,0,0,0,0,0,0,0,0,0,0,0,0,0,0,0,0,0,0,0,313,0,0,0,0,0,0,0,0,0,1003,0,0,0,0,0,0,0,0,0,0,0,0,0,0,1812,1857,0,0,0,308,61,0,0,60,410,214,0,66,124,54,18,196,0,0,0,0,50,1065,1974,862,2409,2003,0,0,0,0,648,127,0,0,448,0,0
"id_35",0,56,0,0,0,0,0,3,0,0,0,0,0,0,44,0,0,0,0,0,0,0,0,0,0,0,0,0,0,0,0,51,0,0,0,0,0,0,0,0,3,0,0,0,0,0,0,0,0,0,0,0,0,0,0,0,0,0,0,0,0,0,0,0,0,0,0,0,0,0,0,0,0,0,0,0,0,0,0,0,0,0,0,0,0,0,0,0,0,0,0,0,0,0,0,0,0,0,0,0,0,0,0,0,0,0,0,0,0,0,0,0,0,0,0,0,0,0,0,0,0,0
"id_36",0,0,87,0,0,0,0,0,0,914,617,322,1776,64,0,0,376,892,2185,3858,1307,438,0,0,324,365,507,0,260,0,0,0,0,0,0,0,0,0,0,0,0,0,0,0,0,0,0,0,0,0,0,0,0,0,0,0,0,0,0,0,0,0,0,0,0,0,0,0,143,0,0,0,0,0,0,0,0,0,0,0,0,0,0,0,0,0,0,0,0,0,0,0,0,0,0,0,209,0,0,0,0,0,0,0,0,263,0,0,0,255,129,0,0,0,0,226,79,0,0,173,0,0
"id_37",0,0,358,0,0,173,53,0,176,1362,2165,656,244,1258,0,869,1650,103,1252,382,163,550,0,400,0,2975,516,0,467,0,0,0,0,0,0,0,0,0,0,0,0,0,0,0,0,0,0,0,0,0,0,0,0,0,0,0,0,0,0,0,0,0,0,0,0,0,0,0,316,0,0,0,0,0,0,0,0,0,0,0,0,0,0,0,0,0,0,0,0,0,0,0,0,0,0,0,38,0,0,0,0,0,0,0,0,1215,333,321,0,87,918,2026,0,0,0,143,69,0,0,0,0,0
"id_38",0,0,0,1530,336,477,260,0,572,627,364,28,233,378,0,155,45,479,295,1249,691,1368,0,456,2617,0,787,0,713,0,0,0,0,0,0,0,0,0,0,0,0,0,0,0,0,0,0,0,0,0,0,0,0,0,0,0,0,0,208,8,0,0,0,0,0,0,0,0,177,0,0,0,0,0,0,0,0,0,0,0,0,0,0,1790,1191,0,0,0,0,0,0,0,0,614,0,0,216,278,0,0,248,263,301,202,61,260,85,977,1206,2229,2199,2288,0,0,0,361,0,0,0,290,0,0
"id_39",0,0,0,0,0,0,0,0,0,0,0,98,2,0,0,0,0,522,95,0,0,0,0,331,268,842,0,864,803,0,0,0,373,0,0,0,0,0,0,0,0,0,0,0,0,0,0,0,0,0,0,0,0,0,0,0,0,0,0,0,0,0,0,0,0,0,0,0,0,0,0,0,0,0,0,0,0,0,0,0,0,0,0,0,0,0,0,0,0,0,0,0,0,0,0,0,117,0,0,0,0,0,0,0,0,0,0,0,0,0,0,4292,0,314,0,141,285,0,0,0,0,0
"id_41",0,0,0,0,0,0,0,0,0,0,0,222,0,0,0,0,0,0,0,0,0,0,0,0,0,0,636,0,2450,189,773,0,1167,763,443,949,435,725,466,0,0,58,1115,0,819,0,0,0,0,0,0,0,0,0,0,0,0,0,0,0,0,0,0,0,0,0,0,0,0,0,0,0,0,0,0,0,0,0,0,0,0,0,0,0,0,0,0,0,0,0,0,0,0,0,0,0,0,0,0,0,0,0,0,0,0,0,0,0,0,0,0,258,4300,3933,162,0,247,0,0,0,0,851
"id_42",0,0,129,449,1544,1372,163,0,621,429,553,331,83,1207,0,1076,1244,150,514,533,876,907,0,139,237,875,507,767,0,2173,0,0,0,0,0,0,0,0,0,0,0,0,0,0,0,0,0,0,0,0,0,0,0,0,0,0,0,0,541,0,0,0,0,0,0,0,0,0,903,0,0,0,0,0,0,0,0,0,0,0,0,0,0,676,751,0,0,0,221,94,0,0,51,67,0,0,104,129,0,0,109,232,312,236,55,701,1438,766,797,1102,806,168,2262,2277,0,410,0,0,0,336,0,0
"id_43",0,0,0,0,0,0,0,0,0,0,0,510,0,0,0,0,0,0,0,0,0,0,0,0,0,0,0,116,2105,0,1064,0,1193,652,1217,0,125,0,0,0,0,898,597,0,0,0,0,0,0,0,0,0,0,0,0,0,0,0,0,0,0,0,0,0,0,0,0,0,0,0,0,0,0,0,0,0,0,0,0,0,0,0,0,0,0,0,0,0,0,0,0,0,0,0,0,0,114,0,0,0,0,0,0,0,0,0,0,0,0,0,0,0,2491,2224,0,0,178,0,0,0,0,87
"id_45",0,0,0,0,0,0,0,0,0,0,0,0,0,0,0,0,0,0,0,0,0,0,0,0,0,0,0,643,0,2112,0,0,368,0,646,0,428,0,0,0,0,0,2598,0,0,0,0,0,0,0,0,0,0,0,0,0,0,0,0,0,0,0,0,0,0,0,0,0,0,0,0,0,0,0,0,0,0,0,0,0,0,0,0,0,0,0,0,0,0,0,0,0,0,0,0,0,442,0,0,0,0,0,0,0,0,0,0,0,0,0,0,0,1108,217,0,0,214,0,0,0,0,0
"id_46",30,98,0,0,0,0,0,59,0,0,0,0,0,0,71,0,0,0,0,0,0,0,56,0,0,0,0,0,0,0,0,0,0,0,0,0,0,0,0,0,3,0,0,0,0,0,0,0,0,0,0,0,0,0,0,0,0,0,0,0,0,0,0,0,0,0,0,0,0,0,0,0,0,0,0,0,0,0,0,0,0,0,0,0,0,0,0,0,0,0,0,0,0,0,0,0,0,0,0,0,0,0,0,0,0,0,0,0,0,0,0,0,0,0,0,0,0,0,0,0,0,0
"id_48",0,0,0,0,0,0,0,0,0,0,0,73,0,0,0,0,0,0,0,0,0,0,0,0,0,0,312,1351,0,902,382,0,0,2391,1531,595,1175,574,554,1187,0,3383,2926,0,330,0,0,0,0,0,0,0,0,0,0,0,0,0,0,0,0,0,0,0,0,0,0,0,0,0,0,0,0,0,0,0,0,0,0,0,0,0,0,0,0,0,0,0,0,0,0,0,0,0,0,0,0,0,0,0,0,0,0,0,0,0,0,0,0,0,0,335,236,198,0,0,727,0,0,0,942,2218
"id_49",0,0,0,0,0,0,0,0,0,0,0,268,0,0,0,0,0,0,0,0,0,0,0,0,0,0,0,696,0,71,0,0,3479,0,2717,58,1247,148,38,80,0,3727,1031,0,466,0,0,0,0,0,0,0,0,0,0,0,0,0,0,0,0,0,0,0,0,0,0,0,0,0,0,0,0,0,0,0,0,0,0,0,0,0,0,0,0,0,0,0,0,0,0,0,0,0,0,0,0,0,0,0,0,0,0,0,0,0,0,0,0,0,0,0,0,0,0,0,334,0,0,0,2210,1960
"id_50",0,0,0,0,0,0,0,0,0,0,0,339,0,0,0,0,0,0,0,0,0,0,0,0,0,0,0,452,0,912,641,0,2929,2903,0,97,1184,0,25,753,0,1303,1753,0,140,0,0,0,0,0,0,0,0,0,0,0,0,0,0,0,0,0,0,0,0,0,0,0,0,0,0,0,0,0,0,0,0,0,0,0,0,0,0,0,0,0,0,0,0,0,0,0,0,0,0,0,417,0,0,0,0,0,0,0,0,0,0,0,0,0,0,0,0,0,0,0,260,0,0,0,840,535
"id_51",0,0,0,0,0,0,0,0,0,0,0,117,0,0,0,0,0,0,0,0,0,0,0,0,0,0,0,905,0,0,0,0,504,0,198,0,2888,2175,4071,1891,0,483,403,0,714,0,0,0,0,0,0,0,0,0,0,0,0,0,0,0,0,0,0,0,0,0,0,0,0,0,0,0,0,0,0,0,0,0,0,0,0,0,0,0,0,0,0,0,0,0,0,0,0,0,0,0,0,0,0,0,0,0,0,0,0,0,0,0,0,0,0,0,0,0,0,0,1004,0,0,0,1376,2905
"id_52",0,0,0,0,0,0,0,0,0,0,0,277,0,0,0,0,0,0,0,0,0,0,0,0,0,0,0,504,0,130,449,0,1188,1157,1163,3257,0,4866,3533,939,0,467,851,0,874,0,0,0,0,0,0,0,0,0,0,0,0,0,0,0,0,0,0,0,0,0,0,0,0,0,0,0,0,0,0,0,0,0,0,0,0,0,0,0,0,0,0,0,0,0,0,0,0,0,0,0,0,0,0,0,0,0,0,0,0,0,0,0,0,0,0,0,369,318,816,0,2673,0,0,0,1344,3001
"id_53",0,0,0,0,0,0,0,0,0,0,0,152,0,0,0,0,0,0,0,0,0,0,0,0,0,0,0,677,0,0,0,0,1199,1832,0,3980,5027,0,915,1124,0,160,71,0,175,0,0,0,0,0,0,0,0,0,0,0,0,0,0,0,0,0,0,0,0,0,0,0,0,0,0,0,0,0,0,0,0,0,0,0,0,0,0,0,0,0,0,0,0,0,0,0,0,0,0,0,0,0,0,0,0,0,0,0,0,0,0,0,0,0,0,0,0,0,0,0,2230,0,0,0,1670,4447
"id_55",0,0,0,0,0,0,0,0,0,0,0,6,0,0,0,0,0,0,0,0,0,0,0,0,0,0,0,523,0,0,0,0,713,207,0,3865,1992,1796,0,3424,0,1960,1575,781,1133,0,0,0,0,0,0,0,0,0,0,0,0,0,0,0,0,0,0,0,0,0,0,0,0,0,0,0,0,0,0,0,0,0,0,0,0,0,0,0,0,0,0,0,0,0,0,0,0,0,0,0,0,0,0,0,0,0,0,0,0,0,0,0,0,0,0,0,0,0,2618,0,501,0,0,0,1225,3396
"id_56",0,0,0,0,0,0,0,0,0,0,0,971,0,0,0,0,0,0,0,0,0,0,0,0,0,0,0,0,0,0,0,0,2102,178,673,1386,977,617,2934,0,0,2214,2635,596,1006,455,0,0,0,0,0,0,0,0,0,0,0,0,0,0,0,0,0,0,0,0,0,0,0,0,0,0,0,0,0,0,0,0,0,0,0,0,0,0,0,0,0,0,0,0,0,0,0,0,0,0,0,0,0,0,0,0,0,0,0,0,0,0,0,0,0,0,0,0,1458,0,614,0,0,0,1517,1302
"id_57",0,0,0,0,0,0,0,0,0,0,0,0,0,0,0,0,0,0,0,0,0,0,3,0,0,0,0,0,0,0,0,1,0,0,0,0,0,0,0,0,0,0,0,0,0,0,0,0,0,0,0,0,0,0,0,0,0,0,0,0,0,0,0,0,0,0,0,0,0,0,0,0,0,0,0,0,0,0,0,0,0,0,0,0,0,0,0,0,0,0,0,0,0,0,0,0,0,0,0,0,0,0,0,0,0,0,0,0,0,0,0,0,0,0,0,0,0,0,0,0,0,0
"id_58",0,0,0,0,0,0,0,0,0,0,0,152,0,0,0,0,0,0,0,0,0,0,0,0,0,0,0,263,0,1082,0,0,2806,1615,751,554,718,299,2203,2217,0,0,2386,834,948,535,563,249,87,266,424,236,344,0,0,326,349,327,0,0,0,0,0,0,0,0,0,0,0,0,0,0,0,0,0,0,0,0,0,0,0,0,0,0,0,0,0,0,0,0,0,0,0,0,0,0,63,0,0,0,0,0,0,0,0,0,0,0,0,0,0,0,0,0,443,0,183,0,0,0,1917,2725
"id_59",0,0,0,0,0,0,0,0,0,0,0,42,0,0,0,0,0,0,0,0,0,0,0,0,0,0,0,1477,0,1317,1384,0,3033,571,929,448,973,572,2089,1998,0,2335,0,0,0,0,0,0,0,0,0,0,0,0,0,0,0,0,0,0,0,0,0,0,0,0,0,0,0,0,0,0,0,0,0,0,0,0,0,0,0,0,0,0,0,0,0,0,0,0,0,0,0,0,0,0,228,0,0,0,0,0,0,0,0,0,0,0,0,0,0,102,760,0,0,0,856,0,0,0,910,2368
"id_60",0,0,0,0,0,0,0,0,0,0,0,692,0,0,0,0,0,0,0,0,0,0,0,0,0,0,0,0,0,0,0,0,0,0,0,0,0,0,708,532,0,878,0,0,3700,1487,571,0,0,0,0,0,0,0,0,0,0,0,0,0,0,0,0,0,0,0,0,0,0,0,0,0,0,0,0,0,0,0,0,0,0,0,0,0,0,0,0,0,0,0,0,0,0,0,0,0,0,0,0,0,0,0,0,0,0,0,0,0,0,0,0,0,0,0,552,0,0,0,0,0,1280,0
"id_61",0,0,0,0,0,0,0,0,0,0,0,198,0,0,0,0,0,0,0,0,0,0,0,0,0,0,0,757,0,128,0,0,240,379,86,785,760,123,828,708,0,585,0,1583,0,1975,796,246,0,0,0,0,0,0,0,0,0,0,0,0,0,0,0,0,0,0,0,0,0,0,0,0,0,0,0,0,0,0,0,0,0,0,0,0,0,0,0,0,0,0,0,0,0,0,0,0,0,0,0,0,0,0,0,0,0,0,0,0,0,0,0,0,0,0,227,0,0,0,0,0,600,987
"id_65",0,0,0,0,0,0,0,0,0,0,0,776,0,0,0,0,0,0,0,0,0,0,0,0,0,0,0,0,0,0,0,0,0,0,0,0,0,0,0,444,0,549,0,981,3655,0,5690,406,0,0,0,0,0,0,0,0,0,0,0,0,0,0,0,0,0,0,0,0,0,0,0,0,0,0,0,0,0,0,0,0,0,0,0,0,0,0,0,0,0,0,0,0,0,0,0,0,0,0,0,0,0,0,0,0,0,0,0,0,0,0,0,0,0,0,0,0,0,0,0,0,704,0
"id_66",0,0,0,0,0,0,0,0,0,0,0,506,0,0,0,0,0,0,0,0,0,0,0,0,0,0,0,0,0,0,0,0,0,0,0,0,0,0,0,0,0,416,0,245,707,4107,0,6110,0,0,0,0,0,0,0,0,0,0,0,0,0,0,0,0,0,0,0,0,0,0,0,0,0,0,0,0,0,0,0,0,0,0,0,0,0,0,0,0,0,0,0,0,0,0,0,0,0,0,0,0,0,0,0,0,0,0,0,0,0,0,0,0,0,0,0,0,0,0,0,0,388,0
"id_67",0,0,0,0,0,0,0,0,0,0,0,229,0,0,0,0,0,0,0,0,0,0,0,0,0,0,0,0,0,0,0,0,0,0,0,0,0,0,0,0,0,225,0,0,198,101,1325,0,0,0,0,0,0,0,0,0,0,0,0,0,0,0,0,0,0,0,0,0,0,0,0,0,0,0,0,0,0,0,0,0,0,0,0,0,0,0,0,0,0,0,0,0,0,0,0,0,0,0,0,0,0,0,0,0,0,0,0,0,0,0,0,0,0,0,0,0,0,0,0,0,173,0
"id_69",0,0,0,0,0,0,0,0,0,0,0,54,0,0,0,0,0,0,0,0,0,0,0,0,0,0,0,0,0,0,0,0,0,0,0,0,0,0,0,0,0,144,0,0,0,0,0,0,0,0,0,0,0,0,0,0,0,594,0,0,0,0,0,0,0,0,0,0,0,0,0,0,0,0,0,0,0,0,0,0,0,0,0,0,0,0,0,0,0,0,0,0,0,0,0,0,0,0,0,0,0,0,0,0,0,0,0,0,0,0,0,0,0,0,0,0,0,0,0,0,119,0
"id_70",0,0,0,0,0,0,0,0,0,0,0,0,0,0,0,0,0,0,0,0,0,0,0,0,0,0,0,0,0,0,0,0,0,0,0,0,0,0,0,0,0,153,0,0,0,0,0,0,0,0,0,0,0,0,0,0,0,6332,0,0,0,0,0,0,0,0,0,0,0,0,0,0,0,0,0,0,0,0,0,0,0,0,0,0,0,0,0,0,0,0,0,0,0,0,0,0,0,0,0,0,0,0,0,0,0,0,0,0,0,0,0,0,0,0,0,0,0,0,0,0,462,0
"id_71",0,0,0,0,0,0,0,0,0,0,0,0,0,0,0,0,0,0,0,0,0,0,0,0,0,0,0,0,0,0,0,0,0,0,0,0,0,0,0,0,0,557,0,0,0,0,0,0,0,0,0,332,331,0,0,4802,752,0,0,0,0,0,0,0,0,0,0,0,0,0,0,0,0,0,0,0,0,0,0,0,0,0,0,0,0,0,0,0,0,0,0,0,0,0,0,0,0,0,0,0,0,0,0,0,0,0,0,0,0,0,0,0,0,0,0,0,0,0,0,0,167,0
"id_73",0,0,0,0,0,0,0,0,0,0,0,0,0,0,0,0,0,0,0,0,0,0,0,0,0,0,0,0,0,0,0,0,0,0,0,0,0,0,0,0,0,0,0,0,0,0,0,0,0,0,136,0,6197,6139,6523,1098,0,0,0,0,0,0,0,0,0,0,0,0,0,0,0,0,0,0,0,0,0,0,0,0,0,0,0,0,0,0,0,0,0,0,0,0,0,0,0,0,0,0,0,0,0,0,0,0,0,0,0,0,0,0,0,0,0,0,0,0,0,0,0,0,0,0
"id_74",0,0,0,0,0,0,0,0,0,0,0,0,0,0,0,0,0,0,0,0,0,0,0,0,0,0,0,0,0,0,0,0,0,0,0,0,0,0,0,0,0,270,0,0,0,0,0,0,0,0,408,3973,0,1640,408,1478,24,0,0,0,0,0,0,0,0,0,0,0,0,0,0,0,0,0,0,0,0,0,0,0,0,0,0,0,0,0,0,0,0,0,0,0,0,0,0,0,0,0,0,0,0,0,0,0,0,0,0,0,0,0,0,0,0,0,0,0,0,0,0,0,0,0
"id_75",0,0,0,0,0,0,0,0,0,0,0,0,0,0,0,0,0,0,0,0,0,0,0,0,0,0,0,0,0,0,0,0,0,0,0,0,0,0,0,0,0,0,0,0,0,0,0,0,0,0,0,1960,3055,0,5792,497,0,0,0,0,0,0,0,0,0,0,0,0,0,0,0,0,0,0,0,0,0,0,0,0,0,0,0,0,0,0,0,0,0,0,0,0,0,0,0,0,0,0,0,0,0,0,0,0,0,0,0,0,0,0,0,0,0,0,0,0,0,0,0,0,0,0
"id_77",0,0,0,0,0,0,0,0,0,0,0,0,0,0,0,0,0,0,0,0,0,0,0,0,0,0,0,0,0,0,0,0,0,0,0,0,0,0,0,0,0,0,0,0,0,0,0,0,0,0,0,6605,3276,5715,0,723,0,0,0,0,0,0,0,0,0,0,0,0,0,0,0,0,0,0,0,0,0,0,0,0,0,0,0,0,0,0,0,0,0,0,0,0,0,0,0,0,0,0,0,0,0,0,0,0,0,0,0,0,0,0,0,0,0,0,0,0,0,0,0,0,0,0
"id_78",0,0,0,0,0,0,0,0,0,0,0,0,0,0,0,0,0,0,0,0,0,0,0,0,0,0,0,0,0,0,0,0,0,0,0,0,0,0,0,0,0,94,0,0,0,0,0,0,0,0,4497,2449,1946,373,425,0,4382,239,0,0,0,0,0,0,0,0,0,0,0,0,0,0,0,0,0,0,0,0,0,0,0,0,0,0,0,0,0,0,0,0,0,0,0,0,0,0,0,0,0,0,0,0,0,0,0,0,0,0,0,0,0,0,0,0,0,0,0,0,0,0,0,0
"id_80",0,0,0,0,0,0,0,0,0,0,0,0,0,0,0,0,0,0,0,0,0,0,0,0,0,0,0,0,0,0,0,0,0,0,0,0,0,0,0,0,0,497,0,0,0,0,0,0,0,590,733,0,0,0,0,1881,0,4812,0,0,0,0,0,0,0,0,0,0,0,0,0,0,0,0,0,0,0,0,0,0,0,0,0,0,0,0,0,0,0,0,0,0,0,0,0,0,0,0,0,0,0,0,0,0,0,0,0,0,0,0,0,0,0,0,0,0,0,0,0,0,200,0
"id_82",0,0,0,0,0,0,0,0,0,0,0,0,0,0,0,0,0,0,0,0,0,0,0,0,0,0,0,0,0,0,0,0,0,0,0,0,0,0,0,0,0,353,0,0,0,0,0,0,1003,6528,5354,0,0,0,0,251,5180,0,0,0,0,0,0,0,0,0,0,0,0,0,0,0,0,0,0,0,0,0,0,0,0,0,0,0,0,0,0,0,0,0,0,0,0,0,0,0,0,0,0,0,0,0,0,0,0,0,0,0,0,0,0,0,0,0,0,0,0,0,0,0,497,0
"id_84",316,17,2113,1601,340,1210,2206,319,2080,95,0,378,0,0,28,554,0,0,0,53,1049,168,0,0,0,41,0,0,388,0,0,0,0,0,0,0,0,0,0,0,0,0,0,0,0,0,0,0,0,0,0,0,0,0,0,0,0,0,0,16,62,32,182,263,250,40,147,135,1491,751,166,207,142,483,332,292,232,220,85,128,62,346,0,1005,535,397,125,15,939,313,318,0,1072,387,639,378,68,1094,513,203,131,247,393,297,59,414,1617,976,1066,732,15,0,0,0,0,2136,0,153,55,1528,0,0
"id_1995",0,0,0,0,0,0,0,0,0,0,0,0,0,0,0,0,0,0,0,0,0,0,0,0,0,8,0,0,0,0,0,0,0,0,0,0,0,0,0,0,0,0,0,0,0,0,0,0,0,0,0,0,0,0,0,0,0,0,16,0,0,0,0,0,0,0,0,0,0,0,0,0,0,0,0,0,0,0,0,0,0,0,0,0,0,0,0,0,0,0,0,0,0,0,0,0,0,0,0,0,0,0,16,8,0,0,0,0,0,0,0,0,0,0,0,0,0,0,0,0,0,0
"id_2013",111,0,29,58,0,33,8,4,0,0,0,0,0,0,0,0,0,0,0,0,0,0,0,0,0,0,0,0,0,0,0,0,0,0,0,0,0,0,0,0,0,0,0,0,0,0,0,0,0,0,0,0,0,0,0,0,0,0,36,0,0,0,59,47,26,0,0,0,0,0,0,0,0,0,0,0,0,0,0,0,0,0,0,0,0,0,0,0,0,0,0,0,0,0,0,0,0,0,0,0,0,0,0,0,0,0,0,0,0,0,0,0,0,0,0,0,0,0,0,0,0,0
"id_2014",76,0,49,84,39,22,67,42,103,0,0,0,0,0,0,0,0,0,0,0,0,0,0,0,0,0,0,0,0,0,0,0,0,0,0,0,0,0,0,0,0,0,0,0,0,0,0,0,0,0,0,0,0,0,0,0,0,0,52,0,0,0,93,116,55,0,23,0,0,0,0,0,0,0,0,0,0,0,0,0,0,0,0,0,0,0,0,0,0,0,0,0,0,0,0,0,0,0,0,0,0,0,0,0,0,0,18,0,78,10,0,0,0,0,0,0,0,0,0,0,0,0
"id_2015",144,0,131,194,80,158,274,59,133,0,0,0,0,0,0,0,0,0,0,0,0,0,0,0,0,0,0,0,0,0,0,0,0,0,0,0,0,0,0,0,0,0,0,0,0,0,0,0,0,0,0,0,0,0,0,0,0,0,150,0,68,73,0,169,43,0,107,0,0,0,0,0,0,0,0,0,0,0,0,0,0,0,0,0,0,0,0,0,0,0,0,0,0,0,0,0,0,0,0,0,0,0,0,0,0,12,56,0,144,42,0,0,0,0,0,40,0,0,0,0,0,0
"id_2016",134,0,131,187,66,264,236,92,38,0,0,0,0,0,0,0,0,0,0,0,0,0,0,0,0,0,0,0,0,0,0,0,0,0,0,0,0,0,0,0,0,0,0,0,0,0,0,0,0,0,0,0,0,0,0,0,0,0,262,0,48,101,201,0,250,0,132,0,0,0,0,0,0,0,0,0,0,0,0,0,0,0,0,0,0,0,0,0,0,0,0,0,0,0,0,0,0,0,0,0,0,0,0,0,0,33,37,0,94,138,0,0,0,0,0,150,0,0,0,0,0,0
"id_2018",70,0,233,30,115,254,185,77,26,56,11,69,0,0,0,44,0,0,0,0,0,0,0,0,0,0,0,0,0,0,0,0,0,0,0,0,0,0,0,0,0,0,0,0,0,0,0,0,0,0,0,0,0,0,0,0,0,0,297,0,26,70,52,262,0,0,55,0,0,0,0,0,0,0,0,0,0,0,0,0,0,0,0,0,0,0,0,0,0,0,0,0,0,0,0,0,0,0,0,0,0,0,0,0,0,66,112,63,72,105,18,0,0,0,0,58,0,0,0,0,0,0
"id_2019",0,0,0,0,0,0,9,50,14,0,0,0,0,0,0,0,0,0,0,0,0,0,0,0,0,0,0,0,0,0,0,0,0,0,0,0,0,0,0,0,0,0,0,0,0,0,0,0,0,0,0,0,0,0,0,0,0,0,43,0,0,0,0,0,0,0,0,0,0,0,0,0,0,0,0,0,0,0,0,0,0,0,0,0,0,0,0,0,0,0,0,0,0,0,0,0,0,0,0,0,0,0,0,0,0,0,0,0,0,0,0,0,0,0,0,0,0,0,0,0,0,0
"id_2020",46,0,0,73,0,61,168,34,72,0,0,0,0,0,0,0,0,0,0,0,0,0,0,0,0,0,0,0,0,0,0,0,0,0,0,0,0,0,0,0,0,0,0,0,0,0,0,0,0,0,0,0,0,0,0,0,0,0,89,0,0,23,110,108,0,0,0,0,0,0,0,0,0,0,0,0,0,0,0,0,0,0,0,0,0,0,0,0,0,0,0,0,0,0,0,0,0,0,0,0,0,0,0,0,0,0,0,0,20,0,0,0,0,0,0,46,0,0,0,0,0,0
"id_2021",0,0,270,30,22,163,164,0,24,0,0,62,0,0,0,0,0,0,0,0,0,0,0,0,0,0,0,0,0,0,0,0,0,0,0,0,0,0,0,0,0,0,0,0,0,0,0,0,0,0,0,0,0,0,0,0,0,0,45,0,0,0,0,0,0,0,0,0,0,46,44,0,0,0,0,0,0,0,0,0,0,0,0,0,0,0,0,0,0,0,0,0,0,0,0,0,0,0,0,0,0,0,0,0,0,0,182,76,98,73,0,0,0,0,0,172,0,0,0,220,0,0
"id_2022",0,0,1833,1921,1736,880,1529,0,1644,181,87,306,0,1426,0,607,574,0,401,147,928,1050,0,68,124,543,0,0,662,0,0,0,0,0,0,0,0,0,0,0,0,0,0,0,0,0,0,0,0,0,0,0,0,0,0,0,0,0,1718,0,0,0,0,0,0,0,0,0,0,785,72,199,231,87,159,0,146,236,215,173,153,214,0,2169,1376,292,156,0,740,592,333,73,224,142,132,231,63,0,0,0,496,0,0,0,16,748,2240,1714,1793,1285,1194,0,0,0,0,1445,0,226,182,1004,0,0
"id_2023",0,0,672,468,62,577,252,0,448,0,0,218,0,0,0,354,0,0,0,0,195,0,0,0,0,0,0,0,0,0,0,0,0,0,0,0,0,0,0,0,0,0,0,0,0,0,0,0,0,0,0,0,0,0,0,0,0,0,834,0,0,0,0,0,0,0,0,48,679,0,114,147,127,117,101,0,0,180,447,370,763,509,0,54,147,6,0,0,0,0,0,0,0,0,0,0,0,0,0,0,0,0,0,0,0,74,685,190,637,0,185,0,0,0,0,299,0,219,188,476,0,0
"id_2024",0,0,151,144,0,120,136,0,144,0,0,145,0,13,0,0,0,0,0,0,0,0,0,0,0,0,0,0,0,0,0,0,0,0,0,0,0,0,0,0,0,0,0,0,0,0,0,0,0,0,0,0,0,0,0,0,0,0,147,0,0,0,0,0,0,0,0,57,48,125,0,51,20,0,0,0,0,0,0,0,0,0,0,0,0,0,0,0,0,0,0,0,0,0,0,0,0,0,0,0,0,0,0,0,0,8,260,0,29,0,0,0,0,0,0,185,0,0,0,111,0,0
"id_2025",0,0,228,24,0,64,79,0,91,0,0,151,0,0,0,0,0,0,0,0,0,0,0,0,0,0,0,0,0,0,0,0,0,0,0,0,0,0,0,0,0,0,0,0,0,0,0,0,0,0,0,0,0,0,0,0,0,0,184,0,0,0,0,0,0,0,0,0,208,168,52,0,221,47,54,0,0,0,0,0,0,0,0,0,0,0,0,0,0,0,0,0,0,0,0,0,0,0,0,0,0,0,0,0,0,32,122,0,31,0,0,0,0,0,0,0,0,0,0,0,0,0
"id_2026",0,0,154,0,0,33,0,0,96,0,0,88,0,0,0,0,0,0,0,0,0,0,0,0,0,0,0,0,0,0,0,0,0,0,0,0,0,0,0,0,0,0,0,0,0,0,0,0,0,0,0,0,0,0,0,0,0,0,119,0,0,0,0,0,0,0,0,0,197,159,20,230,0,28,64,0,0,0,0,0,0,0,0,0,0,0,0,0,0,0,0,0,0,0,0,0,0,0,0,0,0,0,0,0,0,74,98,0,58,0,0,0,0,0,0,0,0,0,0,0,0,0
"id_2027",0,0,199,131,0,136,466,0,86,0,0,166,0,0,0,35,0,0,0,0,236,0,0,0,0,0,0,0,0,0,0,0,0,0,0,0,0,0,0,0,0,0,0,0,0,0,0,0,0,0,0,0,0,0,0,0,0,0,430,0,0,0,0,0,0,0,0,0,99,103,0,47,35,0,178,140,45,29,0,33,0,0,0,0,0,0,0,0,0,0,0,0,0,0,0,0,0,0,0,0,0,0,0,0,0,52,101,260,124,76,0,0,0,0,0,282,0,39,0,0,0,0
"id_2028",0,0,65,0,0,0,48,0,0,0,0,73,0,0,0,0,0,0,0,0,16,0,0,0,0,0,0,0,0,0,0,0,0,0,0,0,0,0,0,0,0,0,0,0,0,0,0,0,0,0,0,0,0,0,0,0,0,0,347,0,0,0,0,0,0,0,0,0,165,99,0,73,97,152,0,0,0,0,0,0,0,0,0,0,0,0,0,0,0,0,0,0,0,0,0,0,0,0,0,0,0,0,0,0,0,39,93,0,14,0,0,0,0,0,0,103,0,0,0,0,0,0
"id_2029",0,0,124,63,0,0,216,0,130,0,0,0,0,0,0,0,0,0,0,0,13,0,0,0,0,0,0,0,0,0,0,0,0,0,0,0,0,0,0,0,0,0,0,0,0,0,0,0,0,0,0,0,0,0,0,0,0,0,225,0,0,0,0,0,0,0,0,0,0,0,0,0,0,167,0,0,121,85,47,58,0,0,0,0,0,0,0,0,0,0,0,0,0,0,0,0,0,0,0,0,0,0,0,0,0,0,0,174,0,0,0,0,0,0,0,27,0,72,0,0,0,0
"id_2031",0,0,73,52,0,26,180,0,167,0,0,0,0,0,0,0,0,0,0,0,0,0,0,0,0,0,0,0,0,0,0,0,0,0,0,0,0,0,0,0,0,0,0,0,0,0,0,0,0,0,0,0,0,0,0,0,0,0,224,0,0,0,0,0,0,0,0,0,16,0,0,0,0,65,0,181,0,109,64,82,0,0,0,0,0,0,0,0,0,0,0,0,0,0,0,0,0,0,0,0,0,0,0,0,0,0,9,107,0,0,0,0,0,0,0,48,0,93,0,0,0,0
"id_2032",0,0,107,66,0,6,151,0,125,0,0,0,0,0,0,0,0,0,0,0,0,0,0,0,0,0,0,0,0,0,0,0,0,0,0,0,0,0,0,0,0,0,0,0,0,0,0,0,0,0,0,0,0,0,0,0,0,0,219,0,0,0,0,0,0,0,0,0,221,61,0,0,0,32,0,107,169,0,79,130,0,0,0,0,0,0,0,0,0,0,0,0,0,0,0,0,0,0,0,0,0,0,0,0,0,0,0,111,0,0,0,0,0,0,0,0,0,145,92,0,0,0
"id_2033",0,0,141,62,0,105,208,0,116,0,0,0,0,0,0,68,0,0,0,0,17,0,0,0,0,0,0,0,0,0,0,0,0,0,0,0,0,0,0,0,0,0,0,0,0,0,0,0,0,0,0,0,0,0,0,0,0,0,85,0,0,0,0,0,0,0,0,0,113,435,0,0,0,0,0,47,63,79,0,302,223,70,0,0,0,0,0,0,0,0,0,0,0,0,0,0,0,0,0,0,0,0,0,0,0,0,72,101,97,74,98,0,0,0,0,58,0,24,23,0,0,0
"id_2034",0,0,169,94,0,93,112,0,209,0,0,0,0,0,0,17,0,0,0,0,0,0,0,0,0,0,0,0,0,0,0,0,0,0,0,0,0,0,0,0,0,0,0,0,0,0,0,0,0,0,0,0,0,0,0,0,0,0,117,0,0,0,0,0,0,0,0,0,247,319,0,0,0,34,0,62,90,128,133,0,191,39,0,0,0,0,0,0,0,0,0,0,0,0,0,0,0,0,0,0,0,0,0,0,0,0,27,185,40,0,0,0,0,0,0,12,0,143,142,0,0,0
"id_2035",0,0,0,0,0,0,0,0,0,0,0,0,0,0,0,0,0,0,0,0,0,0,0,0,0,0,0,0,0,0,0,0,0,0,0,0,0,0,0,0,0,0,0,0,0,0,0,0,0,0,0,0,0,0,0,0,0,0,0,0,0,0,0,0,0,0,0,0,66,554,0,0,0,0,0,0,0,0,224,206,0,61,0,54,31,0,0,0,0,0,0,0,0,0,0,0,0,0,0,0,0,0,0,0,0,0,0,0,0,0,0,0,0,0,0,0,0,23,27,0,0,0
"id_2036",0,0,0,0,0,0,0,0,88,0,0,0,0,0,0,0,0,0,0,0,0,0,0,0,0,0,0,0,0,0,0,0,0,0,0,0,0,0,0,0,0,0,0,0,0,0,0,0,0,0,0,0,0,0,0,0,0,0,274,0,0,0,0,0,0,0,0,0,256,580,0,0,0,0,0,0,0,0,86,39,392,0,0,74,306,32,18,24,0,0,0,0,0,0,0,0,0,0,0,0,0,0,0,0,0,0,0,35,334,0,120,0,0,0,0,115,0,0,0,187,0,0
"id_2037",0,0,0,0,0,0,30,0,0,0,0,0,0,0,0,0,0,0,0,0,0,0,0,0,0,0,0,0,0,0,0,0,0,0,0,0,0,0,0,0,0,0,0,0,0,0,0,0,0,0,0,0,0,0,0,0,0,0,0,0,0,0,0,0,0,0,0,0,0,0,0,0,0,0,0,0,0,0,0,0,0,0,0,0,198,0,0,104,94,43,0,0,0,0,0,0,0,0,0,0,0,0,0,0,0,0,0,0,94,0,0,0,0,0,0,0,0,0,0,40,0,0
"id_2038",0,0,1282,3587,1212,484,755,0,1964,0,0,0,0,626,0,778,0,0,0,157,937,1497,0,0,0,1797,0,0,273,0,0,0,0,0,0,0,0,0,0,0,0,0,0,0,0,0,0,0,0,0,0,0,0,0,0,0,0,0,895,0,0,0,0,0,0,0,0,0,2097,51,0,0,0,0,0,0,0,0,0,0,56,74,0,0,3037,295,143,0,553,209,111,0,29,563,193,0,119,250,0,0,609,0,0,0,8,331,1413,2812,1065,2658,2001,0,0,0,0,785,0,0,0,737,0,0
"id_2039",0,0,301,2822,989,143,838,0,1531,0,0,0,0,712,0,95,76,0,0,602,1023,1618,0,0,0,1957,0,0,617,0,0,0,0,0,0,0,0,0,0,0,0,0,0,0,0,0,0,0,0,0,0,0,0,0,0,0,0,0,559,0,0,0,0,0,0,0,0,0,1282,174,0,0,0,0,0,0,0,0,0,0,31,314,209,3092,0,69,91,369,452,275,121,0,0,723,173,0,185,292,0,0,482,51,0,0,28,0,579,2268,1141,2288,2132,0,0,0,0,523,0,0,0,330,0,0
"id_2040",0,0,318,338,115,49,401,0,422,0,0,0,0,0,0,128,0,0,0,0,266,0,0,0,0,0,0,0,0,0,0,0,0,0,0,0,0,0,0,0,0,0,0,0,0,0,0,0,0,0,0,0,0,0,0,0,0,0,406,0,0,0,0,0,0,0,0,0,332,6,0,0,0,0,0,0,0,0,0,0,0,33,0,305,80,0,321,15,77,72,64,137,0,0,0,0,0,0,0,0,0,0,0,0,0,0,383,193,114,0,0,0,0,0,0,371,0,0,0,189,0,0
"id_2041",0,0,57,142,65,213,206,0,242,0,0,0,0,46,0,62,105,0,0,0,116,0,0,0,0,0,0,0,0,0,0,0,0,0,0,0,0,0,0,0,0,0,0,0,0,0,0,0,0,0,0,0,0,0,0,0,0,0,111,0,0,0,0,0,0,0,0,0,129,0,0,0,0,0,0,0,0,0,0,0,0,18,0,137,101,281,0,66,38,35,58,69,0,0,0,0,0,0,0,0,0,0,0,0,0,132,113,131,103,155,0,0,0,0,0,115,0,0,0,88,0,0
"id_2042",0,0,0,0,0,0,376,0,55,0,0,0,0,0,0,0,0,0,0,0,0,0,0,0,0,0,0,0,0,0,0,0,0,0,0,0,0,0,0,0,0,0,0,0,0,0,0,0,0,0,0,0,0,0,0,0,0,0,55,0,0,0,0,0,0,0,0,0,0,0,0,0,0,0,0,0,0,0,0,0,0,24,126,30,392,41,129,0,99,68,1,0,0,0,0,0,0,0,0,0,0,0,0,0,0,0,33,0,180,0,0,0,0,0,0,24,0,0,0,239,0,0
"id_2043",0,0,894,434,93,0,421,0,358,0,0,0,0,0,0,154,0,0,0,0,104,76,0,0,0,0,0,0,96,0,0,0,0,0,0,0,0,0,0,0,0,0,0,0,0,0,0,0,0,0,0,0,0,0,0,0,0,0,918,0,0,0,0,0,0,0,0,0,778,0,0,0,0,0,0,0,0,0,0,0,0,0,88,601,391,78,42,104,0,462,905,0,514,505,612,112,48,0,0,0,0,0,0,0,0,0,812,647,725,261,92,0,0,0,0,439,0,0,0,627,0,0
"id_2044",0,0,553,166,0,22,532,0,169,0,0,0,0,0,0,9,0,0,0,0,99,53,0,0,0,0,0,0,62,0,0,0,0,0,0,0,0,0,0,0,0,0,0,0,0,0,0,0,0,0,0,0,0,0,0,0,0,0,573,0,0,0,0,0,0,0,0,0,760,0,0,0,0,0,0,0,0,0,0,0,0,0,43,298,219,115,34,71,469,0,488,177,605,85,85,318,0,0,0,0,0,0,0,0,0,0,629,244,434,132,64,0,0,0,0,522,0,0,0,257,0,0
"id_2045",0,0,339,74,0,0,350,0,0,0,0,0,0,0,0,0,0,0,0,0,0,0,0,0,0,0,0,0,0,0,0,0,0,0,0,0,0,0,0,0,0,0,0,0,0,0,0,0,0,0,0,0,0,0,0,0,0,0,388,0,0,0,0,0,0,0,0,0,405,0,0,0,0,0,0,0,0,0,0,0,0,0,0,109,149,78,55,1,629,824,0,200,688,249,205,293,0,0,0,0,0,0,0,0,0,0,243,132,150,58,0,0,0,0,0,358,0,0,0,282,0,0
"id_2046",0,0,0,0,0,0,189,0,0,0,0,0,0,0,0,0,0,0,0,0,0,0,0,0,0,0,0,0,0,0,0,0,0,0,0,0,0,0,0,0,0,0,0,0,0,0,0,0,0,0,0,0,0,0,0,0,0,0,0,0,0,0,0,0,0,0,0,0,67,0,0,0,0,0,0,0,0,0,0,0,0,0,0,0,0,114,68,0,0,168,161,0,80,27,0,0,0,0,0,0,0,0,0,0,0,0,0,0,18,0,0,0,0,0,0,0,0,0,0,0,0,0
"id_2047",0,0,335,117,45,0,653,0,287,0,0,0,0,0,0,0,0,0,0,0,532,0,0,0,0,66,0,0,9,0,0,0,0,0,0,0,0,0,0,0,0,0,0,0,0,0,0,0,0,0,0,0,0,0,0,0,0,0,1120,0,0,0,0,0,0,0,0,0,323,0,0,0,0,0,0,0,0,0,0,0,0,0,0,121,34,0,0,0,417,653,449,81,0,428,359,345,26,76,319,206,0,0,0,0,0,0,273,239,120,201,22,0,0,0,0,370,0,0,0,386,0,0
"id_2048",0,0,198,247,368,567,392,0,360,0,0,0,0,0,0,65,0,0,0,190,368,273,0,0,0,494,0,0,26,0,0,0,0,0,0,0,0,0,0,0,0,0,0,0,0,0,0,0,0,0,0,0,0,0,0,0,0,0,523,0,0,0,0,0,0,0,0,0,160,0,0,0,0,0,0,0,0,0,0,0,0,0,0,765,658,0,0,0,421,170,281,27,605,0,350,94,205,142,272,296,0,0,0,0,0,0,272,747,279,473,753,0,0,0,0,630,0,0,0,409,0,0
"id_2049",0,0,98,171,30,0,409,0,388,0,0,0,0,0,0,0,0,0,0,0,0,155,0,0,0,0,0,0,0,0,0,0,0,0,0,0,0,0,0,0,0,0,0,0,0,0,0,0,0,0,0,0,0,0,0,0,0,0,704,0,0,0,0,0,0,0,0,0,137,0,0,0,0,0,0,0,0,0,0,0,0,0,0,210,158,0,0,0,627,102,364,0,321,409,0,80,43,32,0,0,0,0,0,0,0,0,101,203,38,196,172,0,0,0,0,133,0,0,0,336,0,0
"id_2050",0,0,0,0,0,0,239,0,0,0,0,0,0,0,0,0,0,0,0,0,0,0,0,0,0,0,0,0,0,0,0,0,0,0,0,0,0,0,0,0,0,0,0,0,0,0,0,0,0,0,0,0,0,0,0,0,0,0,321,0,0,0,0,0,0,0,0,0,181,0,0,0,0,0,0,0,0,0,0,0,0,0,0,0,0,0,0,0,0,287,96,0,344,27,0,0,0,0,0,0,0,0,0,0,0,0,0,0,0,0,0,0,0,0,0,272,0,0,0,0,0,0
"id_2051",0,0,127,87,300,212,170,0,71,123,117,0,122,106,0,142,95,145,264,204,59,70,0,148,13,138,183,0,165,125,154,0,46,0,435,0,0,0,0,0,0,79,261,0,0,0,0,0,0,0,0,0,0,0,0,0,0,0,69,0,0,0,0,0,0,0,0,0,45,0,0,0,0,0,0,0,0,0,0,0,0,0,0,151,64,0,0,0,51,0,0,0,34,215,44,0,0,86,0,0,0,0,0,0,0,153,269,230,60,155,195,44,183,82,0,363,50,0,0,106,0,0
"id_2052",0,0,149,226,57,167,175,0,206,0,0,0,0,0,0,63,0,0,0,171,112,141,0,0,0,279,0,0,0,0,0,0,0,0,0,0,0,0,0,0,0,0,0,0,0,0,0,0,0,0,0,0,0,0,0,0,0,0,831,0,0,0,0,0,0,0,0,0,0,0,0,0,0,0,0,0,0,0,0,0,0,0,0,212,188,0,0,0,0,0,0,0,74,298,31,0,99,0,462,73,191,132,85,108,50,0,0,266,83,191,276,0,0,0,0,185,0,0,0,175,0,0
"id_2053",0,0,49,0,0,0,73,0,82,0,0,0,0,0,0,0,0,0,0,0,236,48,0,0,0,0,0,0,0,0,0,0,0,0,0,0,0,0,0,0,0,0,0,0,0,0,0,0,0,0,0,0,0,0,0,0,0,0,411,0,0,0,0,0,0,0,0,0,0,0,0,0,0,0,0,0,0,0,0,0,0,0,0,0,0,0,0,0,0,0,0,0,339,196,0,0,0,396,0,217,165,0,0,0,0,0,0,0,0,0,0,0,0,0,0,0,0,0,0,215,0,0
"id_2054",0,0,32,0,0,0,88,0,59,0,0,0,0,0,0,0,0,0,0,0,187,39,0,0,0,0,0,0,0,0,0,0,0,0,0,0,0,0,0,0,0,0,0,0,0,0,0,0,0,0,0,0,0,0,0,0,0,0,236,0,0,0,0,0,0,0,0,0,0,0,0,0,0,0,0,0,0,0,0,0,0,0,0,0,0,0,0,0,0,0,0,0,219,296,0,0,0,0,239,0,0,0,0,0,0,0,0,0,0,0,0,0,0,0,0,0,0,0,0,100,0,0
"id_2055",0,0,47,454,577,58,711,0,466,0,0,0,0,552,0,0,0,0,0,210,140,547,0,0,0,215,0,0,129,0,0,0,0,0,0,0,0,0,0,0,0,0,0,0,0,0,0,0,0,0,0,0,0,0,0,0,0,0,144,0,0,0,0,0,0,0,0,0,604,0,0,0,0,0,0,0,0,0,0,0,0,0,0,676,544,0,0,0,0,0,0,0,0,0,0,0,0,176,161,0,0,0,0,0,0,0,122,308,175,589,252,0,0,0,0,0,0,0,0,162,0,0
"id_2056",0,0,0,119,0,0,96,0,0,0,0,0,0,0,0,0,0,0,0,199,487,0,0,0,0,292,0,0,282,0,0,0,0,0,0,0,0,0,0,0,0,0,0,0,0,0,0,0,0,0,0,0,0,0,0,0,0,0,254,0,0,0,0,0,0,0,0,0,0,0,0,0,0,0,0,0,0,0,0,0,0,0,0,27,12,0,0,0,0,0,0,0,0,0,0,0,0,130,0,0,0,0,93,15,85,0,0,0,437,186,0,0,0,0,0,0,0,0,0,311,0,0
"id_2057",0,0,0,0,0,0,0,0,0,0,0,0,0,0,0,0,0,0,0,0,70,0,0,0,0,247,0,0,269,0,0,0,0,0,0,0,0,0,0,0,0,0,0,0,0,0,0,0,0,0,0,0,0,0,0,0,0,0,348,16,0,0,0,0,0,0,0,0,0,0,0,0,0,0,0,0,0,0,0,0,0,0,0,0,0,0,0,0,0,0,0,0,0,0,0,0,0,287,0,0,0,105,0,237,41,0,0,0,188,0,0,0,0,0,0,0,0,0,0,232,0,0
"id_2058",0,0,0,0,0,0,0,0,0,0,0,0,0,0,0,0,0,0,0,0,227,0,0,0,0,199,0,0,247,0,0,0,0,0,0,0,0,0,0,0,0,0,0,0,0,0,0,0,0,0,0,0,0,0,0,0,0,0,298,0,0,0,0,0,0,0,0,0,0,0,0,0,0,0,0,0,0,0,0,0,0,0,0,0,0,0,0,0,0,0,0,0,0,0,0,0,0,96,0,0,0,131,250,0,18,0,0,0,171,0,0,0,0,0,0,0,0,0,0,221,0,0
"id_2059",0,0,0,64,18,0,55,0,0,0,0,0,0,7,0,0,0,0,0,44,90,0,0,0,0,68,0,0,65,0,0,0,0,0,0,0,0,0,0,0,0,0,0,0,0,0,0,0,0,0,0,0,0,0,0,0,0,0,65,0,0,0,0,0,0,0,0,0,12,0,0,0,0,0,0,0,0,0,0,0,0,0,0,55,26,0,0,0,0,0,0,0,0,0,0,0,0,50,0,0,0,101,20,33,0,0,0,0,108,64,0,0,0,0,0,0,0,0,0,8,0,0
"id_2060",66,0,872,1440,1249,1153,658,130,836,2186,1266,690,898,1786,26,776,1285,12,1261,232,736,47,0,135,943,286,0,0,914,0,0,0,0,0,0,0,0,0,0,0,0,0,0,0,0,0,0,0,0,0,0,0,0,0,0,0,0,0,467,0,0,1,16,27,67,0,0,0,770,178,24,82,144,85,33,0,0,0,0,0,0,0,0,323,0,0,2,0,0,0,0,0,0,0,0,0,184,0,0,0,0,0,0,0,0,0,765,525,874,989,807,0,0,0,0,726,93,0,0,223,0,0
"id_2061",14,0,2709,1719,2617,2975,908,156,2018,336,0,746,0,966,10,1722,42,0,350,327,761,1017,0,0,218,125,0,0,1097,0,0,0,0,0,0,0,0,0,0,0,0,0,0,0,0,0,0,0,0,0,0,0,0,0,0,0,0,0,2303,0,5,4,90,76,241,0,0,156,2066,772,205,100,71,137,54,0,34,0,24,43,0,132,0,1579,932,414,134,0,797,547,211,0,242,135,141,0,278,0,0,0,113,0,0,0,0,593,0,2741,2025,1486,972,0,0,0,0,2821,0,153,92,1655,0,0
"id_2062",0,0,2145,2348,2455,2760,810,0,2578,840,46,803,108,1207,0,1026,208,136,0,347,1145,1474,0,0,243,982,0,0,607,0,0,0,0,0,0,0,0,0,0,0,0,0,0,0,0,0,0,0,0,0,0,0,0,0,0,0,0,0,1000,0,0,0,0,2,62,0,0,52,1773,142,0,0,0,314,6,182,108,48,117,100,0,70,0,2134,2081,190,76,0,709,283,128,0,152,726,137,0,232,258,0,0,0,0,0,0,0,606,2592,0,2018,2370,3056,0,0,0,0,1791,61,188,84,1042,0,0
"id_2063",64,0,2009,2085,1306,1618,1689,172,3094,134,0,426,0,132,16,189,0,0,0,110,1654,879,0,0,0,1236,0,0,677,0,0,0,0,0,0,0,0,0,0,0,0,0,0,0,0,0,0,0,0,0,0,0,0,0,0,0,0,0,2115,0,0,101,199,106,67,0,28,117,1665,863,0,51,80,136,21,0,0,0,112,174,0,468,130,1394,1283,124,102,221,687,304,80,0,51,524,0,0,90,195,0,13,178,474,211,124,82,732,2212,1820,0,1513,1195,0,0,0,0,1272,0,119,90,2382,0,0
"id_2064",0,0,1209,3588,2253,1520,1570,0,2240,490,201,644,89,1380,0,546,253,0,273,1047,1679,2015,0,257,101,2028,30,0,579,0,0,0,0,0,0,0,0,0,0,0,0,0,0,0,0,0,0,0,0,0,0,0,0,0,0,0,0,0,850,0,0,11,89,148,74,0,81,57,1540,18,0,0,0,77,0,0,0,0,52,0,0,0,0,2884,2276,0,168,0,680,161,130,0,253,460,205,0,153,297,0,0,593,55,0,0,28,1200,1425,3063,1647,0,2150,0,0,0,0,1303,0,0,0,917,0,0
"id_2065",0,0,761,2372,1691,1488,242,0,1210,668,539,983,356,1378,0,1327,531,171,268,743,1487,1573,0,112,777,2187,0,0,676,0,0,0,0,0,0,0,0,0,0,0,0,0,0,0,0,0,0,0,0,0,0,0,0,0,0,0,0,0,88,0,0,0,0,0,0,0,0,0,1277,354,0,0,0,0,0,0,0,0,111,16,0,122,0,2135,2397,0,0,0,112,106,4,0,0,805,197,0,174,279,0,0,163,0,0,0,0,516,971,3036,1561,2250,0,294,0,0,0,592,0,67,68,225,0,0
"id_2066",0,0,0,0,0,0,0,0,0,0,0,61,0,0,0,0,0,657,0,0,0,0,0,0,2184,2053,4525,290,184,0,42,0,380,0,0,0,0,0,0,0,0,0,83,0,0,0,0,0,0,0,0,0,0,0,0,0,0,0,0,0,0,0,0,0,0,0,0,0,0,0,0,0,0,0,0,0,0,0,0,0,0,0,0,0,0,0,0,0,0,0,0,0,0,0,0,0,36,0,0,0,0,0,0,0,0,0,0,0,0,0,35,0,88,0,0,114,179,0,0,0,0,0
"id_2067",0,0,0,0,0,0,0,0,0,0,0,9,0,0,0,0,0,0,0,0,0,0,0,0,0,0,0,1524,1821,3331,6736,0,111,0,0,0,697,0,0,0,0,0,777,0,0,0,0,0,0,0,0,0,0,0,0,0,0,0,0,0,0,0,0,0,0,0,0,0,0,0,0,0,0,0,0,0,0,0,0,0,0,0,0,0,0,0,0,0,0,0,0,0,0,0,0,0,186,0,0,0,0,0,0,0,0,0,0,0,0,0,0,0,0,5871,0,0,290,0,0,0,0,0
"id_2068",0,0,0,0,0,0,0,0,0,0,0,20,0,0,0,0,0,0,0,0,0,0,0,0,0,0,140,1023,2466,0,0,0,227,0,0,0,0,0,0,0,0,0,0,0,0,0,0,0,0,0,0,0,0,0,0,0,0,0,0,0,0,0,0,0,0,0,0,0,0,0,0,0,0,0,0,0,0,0,0,0,0,0,0,0,0,0,0,0,0,0,0,0,0,0,0,0,105,0,0,0,0,0,0,0,0,0,0,0,0,0,0,24,5997,0,0,0,262,0,0,0,0,0
"id_2069",0,0,0,0,0,0,0,0,0,0,0,355,0,0,0,0,0,0,0,0,0,0,0,0,0,0,0,231,0,0,0,0,0,0,0,158,3755,0,3396,1137,0,480,0,0,1087,0,0,0,0,0,0,0,0,0,0,0,0,0,0,0,0,0,0,0,0,0,0,0,0,0,0,0,0,0,0,0,0,0,0,0,0,0,0,0,0,0,0,0,0,0,0,0,0,0,0,0,0,0,0,0,0,0,0,0,0,0,0,0,0,0,0,0,0,0,0,0,182,0,0,0,1179,381
"id_2070",0,0,2112,1479,1137,2491,1134,0,1547,666,581,437,275,655,0,1202,211,362,445,491,1549,647,0,244,145,61,262,0,471,0,0,0,0,0,0,0,0,0,0,0,0,0,0,0,0,0,0,0,0,0,0,0,0,0,0,0,0,0,2411,0,0,18,134,154,45,0,76,184,1568,420,222,0,0,257,236,118,50,0,37,0,0,213,0,816,242,314,137,0,454,323,351,0,338,366,145,272,447,177,0,0,0,0,0,0,0,954,2572,1721,1027,1601,788,131,0,0,0,0,291,115,67,755,0,0
"id_2071",0,0,89,0,0,0,0,0,44,103,242,145,359,0,0,134,210,262,89,0,0,131,0,149,84,0,279,299,0,146,123,0,559,334,39,2938,3026,1938,526,1132,0,92,269,0,0,0,0,0,0,0,0,0,0,0,0,0,0,0,0,0,0,0,0,0,0,0,0,0,0,0,0,0,0,0,0,0,0,0,0,0,0,0,0,0,0,0,0,0,0,0,0,0,0,0,0,0,65,0,0,0,0,0,0,0,0,326,58,65,0,0,0,248,303,237,175,173,0,0,0,0,1686,2097
"id_2072",0,0,144,121,0,118,77,0,126,0,0,0,0,0,0,53,0,0,0,0,0,0,0,0,0,0,0,0,0,0,0,0,0,0,0,0,0,0,0,0,0,0,0,0,0,0,0,0,0,0,0,0,0,0,0,0,0,0,165,0,0,0,0,0,0,0,0,0,219,97,0,0,0,36,0,50,99,100,24,30,23,0,0,0,0,0,0,0,0,0,0,0,0,0,0,0,0,0,0,0,0,0,0,0,0,0,141,143,103,0,52,0,0,0,0,109,0,0,48,0,0,0
"id_2073",0,0,48,60,0,59,22,0,33,0,0,0,0,0,0,53,0,0,0,0,0,0,0,0,0,0,0,0,0,0,0,0,0,0,0,0,0,0,0,0,0,0,0,0,0,0,0,0,0,0,0,0,0,0,0,0,0,0,68,0,0,0,0,0,0,0,0,0,183,44,0,0,0,0,0,0,19,105,23,33,27,0,0,0,0,0,0,0,0,0,0,0,0,0,0,0,0,0,0,0,0,0,0,0,0,0,76,49,72,0,52,0,0,0,0,35,0,48,0,0,0,0
"id_2074",0,0,2245,332,550,494,2253,0,1558,247,182,168,170,135,0,104,210,185,219,178,1338,304,0,157,0,229,0,0,302,0,0,0,0,0,0,0,0,0,0,0,0,0,0,0,0,0,0,0,0,0,0,0,0,0,0,0,0,0,2451,0,0,0,0,0,0,0,0,293,1173,490,120,0,0,0,0,0,0,0,205,0,191,234,161,266,572,188,80,394,966,443,446,0,756,565,361,0,150,920,362,150,114,244,282,221,0,181,1776,1007,1986,399,222,0,0,0,0,996,0,0,0,0,0,0
"id_2075",0,0,0,0,0,0,0,0,0,0,0,748,0,0,0,0,0,0,0,0,0,0,0,0,0,0,0,0,0,0,0,0,1993,2053,723,1319,1221,1626,1582,1023,0,2187,560,1157,593,759,670,271,73,673,220,0,0,0,0,0,363,681,0,0,0,0,0,0,0,0,0,0,0,0,0,0,0,0,0,0,0,0,0,0,0,0,0,0,0,0,0,0,0,0,0,0,0,0,0,0,0,0,0,0,0,0,0,0,0,0,0,0,0,0,0,0,0,0,1074,0,1233,0,0,0,0,1666
"id_2076",0,0,0,0,0,0,0,0,0,0,0,112,0,0,0,0,0,0,0,0,0,0,0,0,0,0,0,568,0,190,0,0,1106,1447,58,6282,2837,5122,3468,1767,0,2558,2254,0,257,0,0,0,0,0,0,0,0,0,0,0,0,0,0,0,0,0,0,0,0,0,0,0,0,0,0,0,0,0,0,0,0,0,0,0,0,0,0,0,0,0,0,0,0,0,0,0,0,0,0,0,0,0,0,0,0,0,0,0,0,0,0,0,0,0,0,0,0,0,54,0,2996,0,0,0,1772,0
