"id","id_1","id_2","id_3","id_4","id_5","id_6","id_7","id_9","id_10","id_11","id_12","id_13","id_14","id_15","id_16","id_17","id_18","id_19","id_20","id_21","id_23","id_24","id_25","id_26","id_28","id_29","id_30","id_32","id_33","id_34","id_35","id_36","id_37","id_38","id_39","id_40","id_41","id_42","id_43","id_45","id_46","id_47","id_48","id_49","id_51","id_52","id_53","id_54","id_55","id_58","id_59","id_60","id_61","id_62","id_63","id_64","id_65","id_66","id_67","id_68","id_69","id_70","id_71","id_72","id_73","id_74","id_76","id_77","id_78","id_79","id_80","id_82","id_83","id_84","id_85","id_86","id_87","id_88","id_90","id_98","id_101","id_180","id_181","id_184","id_186","id_187","id_188","id_192","id_194","id_195","id_196","id_197"
"id_1",0,7200,0,0,0,0,0,0,0,0,4482,7200,7200,0,0,0,0,0,0,0,0,0,0,0,0,0,0,0,0,0,0,0,0,0,0,0,0,0,0,0,0,0,0,0,0,0,0,0,0,0,0,0,78,0,0,0,175,0,0,0,0,0,0,0,0,0,0,2184,0,0,0,0,0,0,0,0,0,0,0,0,0,0,7200,0,0,0,0,0,0,0,0,0
"id_2",7200,0,0,0,0,0,0,0,0,0,3558,7200,7200,0,0,0,0,0,0,0,0,0,0,0,0,0,0,0,0,0,0,0,0,0,0,0,0,0,0,0,0,0,0,0,0,0,0,0,0,0,0,0,85,0,0,0,171,0,0,0,0,0,0,0,0,0,0,2187,0,0,0,0,0,0,0,0,0,0,0,0,0,0,7200,0,0,0,0,0,0,0,0,0
"id_3",0,0,0,7200,7146,7167,7200,7200,0,0,0,0,0,0,377,0,0,0,0,0,0,6928,0,18,0,0,0,0,0,0,0,0,0,0,0,0,0,0,0,0,3346,0,0,0,0,0,0,0,209,0,0,0,0,0,0,3599,1212,7200,0,3059,0,0,0,2401,0,0,0,614,0,7200,0,0,0,0,0,0,0,0,7200,0,0,0,0,0,0,0,0,0,0,1734,0,7200
"id_4",0,0,7200,0,7200,7120,7200,7200,0,0,0,0,0,0,213,0,0,0,0,0,0,7200,0,0,0,0,0,0,0,0,1853,0,0,0,0,0,0,0,0,0,2509,0,0,0,0,0,0,0,364,0,0,0,0,0,0,0,1177,453,0,0,0,0,0,545,0,0,0,775,0,7200,0,0,0,0,0,0,0,0,7181,0,0,0,0,0,0,0,0,0,0,1951,0,7200
"id_5",0,0,7110,7200,0,7162,6148,5281,0,0,0,0,0,0,1929,1229,581,0,0,0,0,5148,1206,166,0,0,0,0,0,0,3077,0,0,0,0,0,0,0,0,0,0,0,0,0,0,0,0,0,242,0,0,0,0,0,0,0,157,92,0,0,0,0,0,0,0,0,0,2311,0,1345,0,0,0,0,0,0,0,0,5968,0,0,0,0,0,0,0,0,0,0,1139,49,5323
"id_6",0,0,7167,7120,6621,0,3954,3085,0,0,0,0,0,0,4527,1979,5,0,0,0,2429,2120,3984,152,0,0,0,0,0,0,2100,0,0,0,0,0,0,0,0,0,1920,0,0,0,0,0,0,0,1032,0,0,0,0,0,0,3540,1187,4002,2767,50,0,0,0,1025,0,0,0,1098,0,6037,0,0,0,0,0,0,0,0,7053,0,0,0,0,0,0,0,0,0,0,2369,248,4223
"id_7",0,0,3719,7200,5658,2674,0,7200,0,0,0,0,0,0,0,0,0,0,0,0,0,7200,0,0,0,0,0,0,0,0,6241,0,0,0,0,0,0,0,0,0,7200,0,0,0,0,0,0,0,0,0,0,0,0,0,0,0,343,0,0,0,0,0,0,0,0,0,0,2126,0,0,0,0,0,0,0,0,0,0,7200,0,0,0,0,0,0,0,0,0,0,1206,0,7200
"id_9",0,0,7200,4838,12,5166,7200,0,0,0,0,2376,0,0,0,0,0,0,0,0,0,7200,0,0,0,0,0,0,0,0,7200,0,0,0,0,0,0,0,0,0,7200,0,0,0,0,0,0,0,177,0,0,0,0,0,0,7200,1257,5091,0,5535,0,0,0,2315,0,0,0,291,0,7200,0,0,0,0,0,0,0,0,7200,0,0,0,7200,0,0,0,0,0,0,1161,0,7200
"id_10",0,0,0,0,0,0,0,0,0,7200,7200,0,6862,0,0,0,0,0,0,0,0,0,0,0,0,0,0,0,0,0,0,0,0,0,0,0,0,0,0,0,0,0,0,22,0,0,0,0,389,0,0,0,355,7200,7200,0,2972,0,0,7200,7200,0,7200,6716,0,3374,6892,0,0,0,0,0,0,0,4237,7200,0,144,0,0,0,0,7200,0,0,0,0,0,0,0,0,0
"id_11",0,0,0,0,0,0,0,0,7200,0,7200,0,7200,0,0,0,0,0,0,0,0,0,0,0,0,0,0,0,0,0,0,0,0,0,0,0,0,0,0,0,0,0,0,0,0,0,0,0,863,3051,6831,7200,7198,7200,7200,0,1220,0,0,0,0,0,0,0,0,52,2401,0,0,0,2893,0,0,0,7197,7200,7200,7200,0,0,0,7198,0,0,0,0,0,0,0,0,0,0
"id_12",7200,0,0,0,0,0,0,0,0,7200,0,0,7200,0,0,0,0,0,0,0,0,0,0,0,0,0,0,0,0,0,0,0,0,0,0,0,0,0,0,0,0,0,0,0,0,0,0,0,735,213,7200,7200,7200,7200,7200,0,2727,0,0,2640,0,0,0,0,0,0,0,0,0,0,0,0,0,0,0,0,0,0,0,0,0,0,7200,0,0,0,0,0,0,0,0,0
"id_13",7200,7200,0,0,0,0,0,0,0,39,7200,0,7200,0,0,0,0,0,0,0,0,3936,0,0,0,0,0,0,0,0,5423,0,0,0,0,0,0,0,0,0,7200,0,0,0,0,0,0,0,0,0,0,0,101,0,0,0,254,0,0,7200,0,0,0,0,0,0,0,2106,0,0,0,0,0,0,0,0,0,0,0,0,0,0,7200,0,0,0,0,0,0,0,0,0
"id_14",7200,7200,0,0,0,0,0,0,0,7200,7200,7200,0,0,0,0,0,0,0,0,0,0,0,0,0,0,0,0,0,0,0,0,0,0,0,0,0,0,0,0,7200,0,0,0,0,0,0,0,193,0,0,1,7200,2625,0,0,2465,0,0,7200,0,0,0,0,0,0,0,1892,0,0,0,0,0,0,0,0,0,0,0,0,0,0,7200,0,0,0,0,0,0,0,0,0
"id_15",0,0,0,0,0,0,0,0,0,0,0,0,0,0,0,0,0,0,567,194,62,0,0,1340,2593,0,659,438,266,1343,0,152,328,3330,2873,1515,0,3491,4495,1502,0,0,2668,1038,3249,3262,3370,3379,0,0,0,0,0,0,0,0,0,0,1184,0,164,3294,160,76,905,1795,1704,803,3187,0,338,3442,3446,3810,1845,79,0,0,0,2177,1566,0,0,1538,893,5510,6213,3153,460,1003,451,0
"id_16",0,0,3073,3867,3807,4181,785,0,0,0,0,0,0,0,0,6029,3703,3725,166,2636,5714,0,6424,41,0,0,0,0,0,0,0,0,0,0,0,0,0,0,0,0,0,0,0,0,0,0,0,0,1423,0,0,0,0,0,0,0,360,2671,0,0,0,0,0,0,0,0,0,2069,0,176,0,0,0,0,0,0,0,0,1248,0,0,0,0,0,0,0,0,0,0,2461,2174,214
"id_17",0,0,0,0,1113,2703,0,0,0,0,0,0,0,0,6670,0,7200,7200,2719,7200,7200,0,7200,393,0,0,0,0,0,0,0,0,0,0,0,0,0,0,0,0,0,0,0,0,0,0,0,0,1767,0,0,0,0,0,0,0,0,2,0,0,0,0,0,0,0,0,0,1954,0,0,0,0,0,0,0,0,0,0,0,0,0,0,0,0,0,0,0,0,0,2787,4730,0
"id_18",0,0,0,0,0,0,0,0,0,0,0,0,0,0,2983,7200,0,5076,5376,7198,7198,0,7198,672,0,3372,4046,4180,6433,0,0,0,0,0,0,0,0,0,0,0,0,0,65,0,3970,4021,0,0,1279,0,0,0,0,0,0,0,0,0,0,0,0,0,0,0,0,0,0,1229,0,0,0,0,0,0,0,0,0,0,0,0,4083,0,0,4041,0,0,0,0,0,2499,6389,0
"id_19",0,0,0,0,0,0,0,0,0,0,0,0,0,0,7200,7200,5076,0,3965,7200,7200,0,7200,237,0,0,0,0,0,0,0,0,0,0,0,0,0,0,0,0,0,0,0,0,0,0,0,0,1567,0,0,0,0,0,0,0,0,0,0,0,0,0,0,0,0,0,0,2061,0,0,0,0,0,0,0,0,0,0,0,0,0,0,0,0,0,0,0,0,0,2397,5034,0
"id_20",0,0,0,0,0,0,0,0,0,0,0,0,0,202,387,3339,4187,4246,0,4293,3595,0,3131,2906,951,2990,3158,5603,5790,1555,0,1188,512,1854,971,834,744,413,535,654,0,0,1767,512,2247,968,527,353,695,0,0,0,0,0,0,0,12,0,174,0,23,249,17,18,129,9,41,387,0,0,0,0,0,240,0,0,0,0,0,779,5734,0,0,2953,506,247,80,737,674,2098,2082,0
"id_21",0,0,0,0,0,0,0,0,0,0,0,0,0,2411,0,7200,4023,13,3057,0,7200,0,7200,3912,168,0,7200,7200,7200,0,0,0,103,1,0,0,0,0,0,0,0,0,0,84,7200,7200,7200,7200,274,0,0,0,0,0,0,0,3026,7200,7200,0,0,0,0,0,0,276,0,1099,0,0,0,0,0,0,0,0,0,0,0,0,0,0,0,7200,302,0,0,0,0,3697,7061,0
"id_23",0,0,0,0,0,2748,0,0,0,0,0,0,0,0,1374,7200,6300,1582,2528,7200,0,0,7200,3939,0,0,0,7200,3170,0,0,0,0,0,0,0,0,0,0,0,0,0,0,0,547,7200,7200,7200,335,0,0,0,0,0,0,0,3275,7200,7200,0,0,0,0,0,0,0,0,1135,0,0,0,0,0,0,0,0,0,0,0,0,0,0,0,6,0,0,0,0,0,3867,7184,0
"id_24",0,7200,899,0,0,0,4605,7200,0,0,0,7200,0,0,0,0,0,0,0,0,0,0,0,0,0,0,0,0,0,0,7200,0,0,0,0,0,0,0,0,0,7200,0,0,0,0,0,0,0,69,0,0,0,0,0,0,0,572,0,0,6680,0,0,0,584,0,0,0,2378,0,4435,0,0,0,0,0,0,0,0,4567,0,0,0,7200,0,0,0,0,0,0,744,0,7200
"id_25",0,0,0,0,0,0,0,0,0,0,0,0,0,0,7200,7200,7200,7200,4041,7200,7200,0,0,3931,0,0,0,7200,7200,0,0,0,0,0,0,0,0,0,0,0,0,0,0,0,0,0,0,0,1140,0,0,0,0,0,0,0,0,0,0,0,0,0,0,0,0,0,0,2024,0,0,0,0,0,0,0,0,0,0,0,0,2235,0,0,0,0,0,0,0,0,2864,6657,0
"id_26",0,0,237,154,9,262,0,0,0,0,0,0,0,823,273,451,362,253,301,3764,3865,0,3923,0,1551,0,187,1186,329,221,0,950,918,579,1524,1449,1734,276,1672,1644,0,0,859,1251,3895,4199,4388,4359,0,214,0,0,0,0,0,3617,3332,3728,4364,0,531,4122,492,0,419,1051,43,243,878,200,119,238,341,742,165,0,0,0,189,1714,691,0,0,3969,1559,917,909,1881,1536,2587,795,0
"id_28",0,0,0,0,0,0,0,0,0,0,0,0,0,2397,0,0,0,0,2919,190,79,0,0,1665,0,2550,4651,4474,3245,2374,0,3450,3274,5056,4323,2296,2143,780,1894,2139,0,0,4179,206,4800,4797,2677,2423,0,0,0,0,0,0,0,0,0,0,338,0,107,467,101,12,212,1145,0,720,56,0,0,0,8,254,0,0,0,0,0,2558,5124,0,0,4716,1203,271,473,2150,2183,1053,189,0
"id_29",0,0,0,0,0,0,0,0,0,0,0,0,0,0,0,879,2657,2421,3424,2657,2653,0,237,0,2578,0,7200,7200,7141,4544,0,3702,3203,6407,405,0,0,0,0,0,0,0,712,0,7199,3274,0,0,1065,0,0,0,0,0,0,0,0,0,0,0,0,0,0,0,0,0,0,824,0,0,0,0,0,0,0,0,0,0,0,123,2278,0,0,7200,0,0,0,0,0,661,808,0
"id_30",0,0,0,0,0,0,0,0,0,0,0,0,0,0,0,0,4036,0,5937,7200,7107,0,0,3735,2558,7200,0,7200,7200,476,0,0,249,1982,0,0,0,0,0,0,0,0,2222,0,7200,7200,0,0,1021,0,0,0,0,0,0,0,0,0,0,0,0,0,0,0,0,0,0,635,0,0,0,0,0,0,0,0,0,0,0,0,4664,0,0,7200,0,0,0,0,0,2049,6119,0
"id_32",0,0,0,0,0,0,0,0,0,0,0,0,0,3235,0,0,3933,0,4325,7200,7200,0,7200,4013,4676,7049,7200,0,7113,815,0,0,373,7200,45,0,0,0,0,0,0,0,2213,136,7200,7200,7200,7200,355,0,0,0,0,0,0,0,0,0,7200,0,0,0,0,0,0,598,0,1065,0,0,0,0,0,0,0,0,0,0,0,6,4592,0,0,7200,362,0,0,0,0,3297,6981,0
"id_33",0,0,0,0,0,0,0,0,0,0,0,0,0,0,0,5599,4158,7200,5660,7200,7200,0,0,2666,2523,7200,7200,7113,0,0,0,0,0,0,0,0,0,0,0,0,0,0,114,0,3304,1976,0,0,1109,0,0,0,0,0,0,0,0,0,0,0,0,0,0,0,0,0,0,1308,0,0,0,0,0,0,0,0,0,0,0,0,4449,0,0,7200,0,0,0,0,0,1968,6165,0
"id_34",0,0,0,0,0,0,0,0,0,0,0,0,0,2187,0,0,0,0,434,0,0,0,0,1702,2005,384,2448,1372,148,0,0,7200,3183,7170,2850,93,108,0,0,0,0,0,2355,177,2677,2206,180,109,0,0,0,0,0,0,0,0,0,0,0,0,0,0,0,0,0,1021,0,411,0,0,0,0,0,0,0,0,0,0,0,5513,3979,0,0,2431,244,0,0,0,164,697,0,0
"id_35",0,405,21,3,2243,2540,6241,7200,0,0,0,7200,0,0,0,0,0,0,0,0,0,7200,0,0,0,0,0,0,0,0,0,0,0,0,0,0,0,0,0,0,7200,0,0,0,0,0,0,0,0,0,0,0,0,0,0,0,407,0,0,386,0,0,0,0,0,0,0,2399,0,660,0,0,0,0,0,0,0,0,7200,0,0,0,1892,0,0,0,0,0,0,823,0,7200
"id_36",0,0,0,0,0,0,0,0,0,0,0,0,0,0,0,0,0,0,837,0,0,0,0,1390,1120,81,0,0,0,5160,0,0,2995,3959,5074,1049,3968,189,358,457,0,0,806,389,14,0,0,0,0,0,0,0,0,0,0,0,0,0,0,0,0,0,0,0,0,763,0,754,0,0,0,0,0,0,0,0,0,0,0,6665,2417,0,0,0,425,0,0,600,4072,0,0,0
"id_37",0,0,0,0,0,0,0,0,0,0,0,0,0,321,0,0,0,0,999,0,0,0,0,851,1720,3126,3189,360,243,3148,0,3122,0,3339,3367,2824,672,2529,1050,832,0,0,1203,841,3272,471,429,600,0,2283,101,35,0,152,131,0,0,0,247,0,371,628,389,389,656,484,522,925,2,0,2296,2186,2302,914,378,174,2243,909,0,2970,1535,680,0,3235,1987,884,785,1033,492,769,0,0
"id_38",0,0,0,0,0,0,0,0,0,0,0,0,0,902,0,0,0,0,1930,0,0,0,0,1080,1316,5457,6284,2037,1927,7200,0,6683,3309,0,5585,655,0,0,0,0,0,0,2399,245,7200,2038,0,0,0,0,0,0,0,0,0,0,0,0,0,0,0,0,0,0,0,791,0,905,0,0,0,0,0,0,0,0,0,0,0,5050,4664,0,0,4247,317,0,0,0,0,129,0,0
"id_39",0,0,0,0,0,0,0,0,0,0,0,0,0,918,0,0,0,0,806,0,0,0,0,2098,3922,0,277,55,0,1267,0,3880,1258,2836,0,4907,5717,1024,2966,3198,0,69,5184,2179,1097,853,982,1172,0,0,0,0,0,0,0,0,0,0,615,0,378,931,422,398,556,1782,136,334,422,0,0,0,0,768,0,0,0,0,0,6096,2321,0,0,335,2505,627,307,4081,3811,312,0,0
"id_40",0,0,0,0,0,0,0,0,0,0,0,0,0,398,0,0,0,0,918,0,0,0,0,1518,2299,0,0,0,0,0,0,605,1825,618,4874,0,3059,3136,3964,3048,0,65,4815,3942,484,508,800,914,0,1456,0,0,0,0,0,0,0,0,714,0,647,2279,698,1788,3143,2842,1770,7,1346,0,1076,1456,1883,4562,1644,870,57,798,0,2441,1480,0,0,349,3843,3844,2411,3562,2577,407,0,0
"id_41",0,0,0,0,0,0,0,0,0,0,0,0,0,0,0,0,0,0,475,0,0,0,0,1296,2011,0,0,0,0,0,0,458,293,2,1938,1109,0,1173,887,7198,0,1504,1300,272,0,0,0,0,0,0,0,0,0,0,0,0,0,0,0,0,0,0,0,0,0,32,0,329,0,0,0,0,0,0,0,0,0,0,0,5282,0,0,0,0,246,0,0,7200,5190,0,0,0
"id_42",0,0,0,0,0,0,0,0,0,0,0,0,0,3508,0,0,0,0,237,0,0,0,0,190,1062,0,0,0,0,0,0,0,2658,0,309,2137,13,0,4363,3716,0,0,1826,1490,0,0,0,0,0,1908,0,0,0,0,0,0,123,0,0,0,0,0,0,0,344,693,744,579,2120,0,1978,1885,4835,1780,1443,1349,634,1214,0,100,13,1,0,0,602,1606,1034,3943,351,632,0,0
"id_43",0,0,0,0,0,0,0,0,0,0,0,0,0,3170,0,0,0,0,594,0,0,0,0,1670,2678,0,0,0,0,0,0,257,1083,0,3229,2787,5966,4904,0,5998,0,1504,3474,1892,0,0,0,8,0,514,0,0,0,0,0,0,0,0,0,0,0,205,0,0,841,1072,0,211,1721,0,245,776,707,2168,731,184,67,159,0,2219,0,0,0,0,1167,1989,995,6274,3284,436,0,0
"id_45",0,0,0,0,0,0,0,0,0,0,0,0,0,0,0,0,0,0,733,0,0,0,0,1525,2160,0,0,0,0,0,0,523,607,0,2553,1972,7200,3626,4953,0,0,1504,3098,475,0,0,0,0,0,0,0,0,0,0,0,0,0,0,0,0,0,0,0,0,0,272,0,345,88,0,0,0,0,0,0,0,0,0,0,4964,0,0,0,0,821,0,0,7200,5368,0,0,0
"id_46",3401,7200,0,0,0,0,0,7200,0,1942,7200,7200,6105,0,0,0,0,0,0,0,0,7200,0,0,0,0,0,0,0,0,7200,0,0,0,0,0,0,0,0,0,0,0,0,0,0,0,0,0,49,0,0,0,0,0,0,0,630,0,0,7200,0,0,0,13,0,0,0,2283,0,2701,0,0,0,0,0,0,0,0,0,0,0,0,7200,0,0,0,0,0,0,322,0,7200
"id_47",0,0,0,0,0,0,0,0,0,0,0,0,0,0,0,0,0,0,0,0,0,0,0,0,0,0,0,0,0,0,0,0,0,0,2,13,795,0,0,1448,0,0,0,0,0,0,0,0,0,0,0,0,0,0,0,0,0,0,0,0,0,0,0,0,0,0,0,0,0,0,0,0,0,0,0,0,0,0,0,527,0,0,0,0,0,0,0,91,0,0,0,0
"id_48",0,0,0,0,0,0,0,0,0,0,0,0,0,2035,0,0,26,0,978,34,0,0,0,729,2459,275,2279,316,239,2378,0,2698,587,2290,5495,4197,4521,3782,4169,4573,0,0,0,1544,1724,229,54,0,0,0,0,0,0,0,0,0,0,0,0,0,0,0,0,0,86,2187,21,410,53,0,0,57,1235,3220,20,0,0,0,0,2161,2563,0,0,569,680,2657,2355,4507,2365,542,50,0
"id_49",0,0,0,0,0,0,0,0,889,0,0,0,0,1350,0,0,0,0,392,77,49,0,0,1260,1542,0,117,108,85,146,0,279,960,2306,2783,4004,664,1366,2433,798,0,0,2187,0,1435,2279,3131,4255,268,1415,213,130,75,172,163,735,375,241,3431,0,4118,4379,4140,3289,4210,1980,2178,206,2689,99,1308,1292,1801,3092,1965,163,719,267,0,652,393,336,0,144,3868,5152,2171,1048,566,24,0,0
"id_51",0,0,0,0,0,0,0,0,0,0,0,0,0,2620,0,0,5,0,1800,7,5,0,0,3376,4659,6451,7200,7200,6973,7196,0,4476,3286,7200,2698,18,0,0,0,0,0,0,2281,135,0,7102,3653,982,2,0,0,0,0,0,0,0,0,0,0,0,0,0,0,0,0,1034,0,848,0,0,0,0,0,0,0,0,0,0,0,671,2793,0,0,7200,255,0,0,0,0,869,201,0
"id_52",0,0,0,0,0,0,0,0,0,0,0,0,0,3240,0,265,3887,0,2924,7200,7200,0,7200,4291,2201,194,7200,7200,7200,0,0,0,221,2289,15,0,0,0,0,0,0,0,0,124,7102,0,7200,7200,138,0,0,0,0,0,0,0,3004,43,7200,0,0,0,0,0,0,301,0,664,0,0,0,0,0,0,0,0,0,0,0,0,85,0,0,7200,445,0,0,0,0,3566,5805,0
"id_53",0,0,0,0,0,0,0,0,0,0,0,0,0,3268,0,0,0,0,1941,7200,7200,0,7200,4386,2676,0,7200,7200,7200,177,0,0,361,6668,153,0,0,0,0,0,0,0,0,254,7200,7200,0,7200,112,0,0,0,0,0,0,0,2789,0,7200,0,0,6892,0,0,0,608,0,644,0,0,0,0,0,0,0,0,0,0,0,12,296,0,0,7200,1188,0,110,0,0,3253,4580,0
"id_54",0,0,0,0,0,0,0,0,0,0,0,0,0,3265,0,0,0,0,217,7200,7200,0,7200,4515,2135,0,0,1429,0,0,0,0,195,0,115,0,0,0,0,0,0,0,0,965,6172,7200,7200,0,206,0,0,0,0,0,0,7200,3118,7200,7200,0,7200,7200,5776,75,0,282,0,43,0,0,0,0,0,0,0,0,0,0,0,0,0,0,0,7200,3754,0,277,0,0,3333,3211,0
"id_55",0,0,977,975,866,1089,646,83,353,822,531,0,626,0,1358,1108,1470,1005,1348,963,863,49,901,0,0,1065,1012,1131,1160,0,0,0,0,0,0,0,0,0,0,0,82,0,182,170,256,85,140,49,0,3023,4285,4252,3573,4432,4265,376,292,453,163,284,272,65,231,291,204,265,249,187,197,261,257,15,0,0,168,415,3842,3882,383,0,842,4270,55,746,0,26,0,0,0,1277,1366,81
"id_58",0,0,0,0,0,0,0,0,0,1179,0,0,2330,444,0,0,0,0,0,0,0,0,0,515,0,0,0,0,0,0,0,0,2132,0,0,1994,0,3311,977,0,0,0,0,2931,0,0,0,0,3022,0,2716,2710,2386,3046,2934,0,0,0,0,0,0,0,0,0,1572,220,1529,0,3796,0,4373,2969,4240,777,2147,2152,5402,5127,0,152,0,2936,0,0,203,1597,2169,0,0,400,0,0
"id_59",0,0,0,0,0,0,0,0,0,162,0,0,7200,0,0,0,0,0,0,0,0,0,0,0,0,0,0,0,0,0,0,0,0,0,0,0,0,0,0,0,0,0,0,0,0,0,0,0,1341,2961,0,7200,7200,7200,7200,0,170,0,0,0,0,0,0,0,0,0,0,0,0,0,0,0,0,0,0,0,0,0,0,0,0,7200,0,0,1190,0,0,0,0,0,0,0
"id_60",0,0,0,0,0,0,0,0,0,7200,0,0,7200,0,0,0,0,0,0,0,0,0,0,0,0,0,0,0,0,0,0,0,163,0,0,0,0,0,0,0,0,0,0,273,0,0,0,0,4451,3013,7200,0,7200,7200,7200,0,2253,0,0,0,0,0,0,0,0,0,0,51,0,0,0,0,0,0,0,2602,7200,7200,0,0,0,7200,0,0,1456,0,0,0,0,0,0,0
"id_61",270,0,0,0,0,0,0,0,0,7128,3363,0,7199,0,0,0,0,0,0,0,0,0,0,0,0,0,0,0,0,0,0,0,0,0,0,0,0,0,0,0,0,0,0,141,0,0,0,0,3681,2993,7200,7200,0,7200,7191,0,2569,0,0,124,0,0,0,0,0,0,0,2,0,0,0,0,0,0,0,197,4057,4052,0,0,0,6916,234,0,1042,0,0,0,0,0,0,0
"id_62",0,0,0,0,0,0,0,0,7200,7200,7200,0,7200,0,0,0,0,0,0,0,0,0,0,0,0,0,0,0,0,0,0,0,0,0,0,0,0,0,0,0,0,0,0,0,0,0,0,0,879,2980,7200,7200,7200,0,7200,0,2934,0,0,0,0,0,0,0,0,0,49,0,0,0,0,0,0,0,0,7200,0,7200,0,0,0,7200,0,0,0,0,0,0,0,0,0,0
"id_63",0,0,0,0,0,0,0,0,0,7200,0,0,0,0,0,0,0,0,0,0,0,0,0,0,0,0,0,0,0,0,0,0,358,0,0,0,0,0,0,0,0,0,0,294,0,0,0,0,4474,3276,7200,7200,7162,7200,0,0,2835,0,0,0,0,0,0,0,0,0,0,141,0,0,7200,0,0,0,0,7200,7200,7200,0,0,0,7200,0,0,1471,0,0,0,0,0,0,0
"id_64",0,0,341,0,0,0,0,0,7200,0,0,0,0,0,0,0,0,0,0,0,0,0,0,0,0,0,0,0,0,0,0,0,0,0,0,0,0,0,0,0,0,0,0,1680,0,0,0,6321,373,0,0,0,0,0,0,0,4022,7200,7200,4365,7200,7200,7200,7200,7200,3975,7200,0,0,7200,0,0,0,0,0,0,0,0,0,0,0,0,0,0,2518,0,1244,0,0,704,307,0
"id_65",161,177,4142,670,211,1221,748,1152,4290,1062,2647,494,2486,0,166,0,0,0,0,0,23,477,336,190,0,0,0,0,0,0,371,0,0,0,0,0,0,285,0,0,2072,0,0,0,0,0,59,139,347,130,203,286,336,2341,2817,3951,0,3827,3298,5464,3590,779,3595,2356,365,441,2706,145,360,4118,461,454,360,353,493,561,310,602,4198,0,0,122,2728,0,0,368,0,0,0,488,51,1244
"id_66",0,0,7200,7200,3055,4832,6898,7196,0,0,0,0,0,0,1312,0,0,0,0,0,0,0,7008,212,0,0,0,0,0,0,0,0,0,0,0,0,0,0,0,0,0,0,0,0,0,0,0,0,411,0,0,0,0,0,0,7200,4153,0,7179,0,0,0,0,2412,0,0,0,802,0,7200,0,0,0,0,0,0,0,0,7200,0,0,0,0,0,0,0,0,0,0,1900,687,7199
"id_67",0,0,15,0,0,81,0,0,0,0,0,0,0,3218,0,0,0,0,92,7200,7200,0,7200,4271,289,0,0,0,0,0,0,0,38,0,0,0,0,0,0,0,0,0,0,171,1459,7200,7200,7200,223,0,0,0,0,0,0,7200,3641,7200,0,0,7200,7200,6662,360,0,269,0,0,0,0,0,0,0,0,0,0,0,0,0,0,0,0,0,0,2910,0,0,0,0,3369,3370,0
"id_68",0,5512,4438,0,0,66,4692,5535,0,0,4521,7200,0,0,0,0,0,0,0,0,0,6680,0,0,0,0,0,0,0,0,7200,0,0,0,0,0,0,0,0,0,7200,0,0,0,0,0,0,0,78,0,0,0,0,0,0,0,1097,0,0,0,0,0,0,2146,0,0,0,2283,0,7200,0,0,0,0,0,0,0,0,7200,0,0,0,7200,0,0,0,0,0,0,1004,0,7200
"id_69",0,0,763,0,0,0,0,0,7200,0,0,0,0,0,0,0,0,0,0,0,0,0,0,0,0,0,0,0,0,0,0,0,0,0,0,0,0,0,0,0,0,0,0,1578,0,0,0,1828,381,0,0,0,0,0,0,7200,4529,7199,7199,7199,0,7200,0,7145,7200,3948,7200,0,0,7199,0,0,0,0,1,1,0,0,0,0,0,0,0,0,1,1,0,0,0,436,2,0
"id_70",0,0,0,0,0,0,0,0,7200,0,0,0,0,2538,0,0,0,0,164,0,0,0,0,587,189,0,0,0,0,0,0,0,738,0,235,2042,0,0,23,0,0,0,0,4238,0,0,2396,7200,183,0,0,0,0,0,0,7200,1620,0,7200,0,7200,0,7200,6572,7200,5418,7200,0,1479,0,0,0,0,5141,7200,0,0,0,0,0,0,0,0,0,3523,7200,2818,0,21,604,0,0
"id_71",0,0,0,0,0,0,0,0,7200,5,0,0,0,0,0,0,0,0,0,0,0,0,0,0,0,0,0,0,0,0,0,0,348,0,0,0,0,0,0,0,0,0,0,3184,0,0,0,0,236,24,0,0,0,0,0,7200,1380,0,0,0,0,7200,0,6606,7200,5381,7200,0,1304,0,0,0,0,1410,7200,7200,0,0,0,0,0,0,0,0,3346,7200,2040,0,0,331,0,0
"id_72",0,0,2217,177,35,464,403,949,7071,2798,1770,77,0,0,0,0,0,0,0,0,0,246,0,0,0,0,0,0,0,0,87,0,0,0,0,0,0,0,0,0,2364,0,0,2018,0,0,0,13,456,0,0,0,0,0,246,6954,3966,1593,3700,3731,6807,4810,6760,0,4762,4788,6377,16,0,3382,15,246,0,15,3624,3278,0,246,2452,0,0,0,1983,0,3126,1963,216,0,0,191,0,829
"id_73",0,0,0,0,0,0,0,0,7200,0,0,0,0,0,0,0,0,0,0,0,0,0,0,0,0,0,0,0,0,0,0,0,338,0,0,0,0,58,166,0,0,0,0,3164,0,0,0,0,260,1561,0,0,0,0,7050,0,1108,0,0,0,7200,7200,7200,4845,0,5317,7200,0,1565,0,5943,7200,966,7200,7200,7200,0,7200,0,0,0,0,0,0,98,7200,6593,0,0,394,0,0
"id_74",0,0,0,0,0,0,0,0,4834,2922,0,0,0,1473,0,0,0,0,0,48,43,0,0,1009,1302,0,815,607,0,737,0,346,0,1050,1428,1557,416,390,1287,482,0,0,2031,2948,1047,1009,1382,2451,295,67,0,0,0,0,3394,281,339,46,1781,0,5382,4693,5457,4891,5130,0,2878,0,1215,0,703,3779,891,2771,5507,3650,2,3329,0,478,296,0,0,1037,1446,5676,3415,625,299,748,142,0
"id_76",0,0,0,0,0,0,0,0,7200,7178,1609,0,0,0,0,0,0,0,0,0,0,0,0,0,0,0,0,0,0,0,0,0,0,0,0,0,0,18,0,0,0,0,0,1251,0,0,0,0,300,1572,0,0,0,1712,6830,588,2705,9,73,736,7200,583,7200,6188,7200,2874,0,0,4411,343,6265,6435,277,1906,7051,6954,20,6614,0,0,0,0,0,0,0,4834,4423,0,0,99,0,0
"id_77",2196,2355,1224,1433,2206,1616,1299,601,0,9,2089,2231,2092,721,2023,1299,1215,1347,664,1554,1528,2431,1930,996,647,738,734,1057,1042,633,2410,757,741,742,360,121,369,276,172,142,2430,229,251,0,745,681,330,219,205,179,75,19,16,148,158,101,470,878,43,359,0,30,0,0,70,190,147,0,548,156,823,724,704,583,500,405,520,509,1329,373,533,195,2285,869,110,394,682,169,0,8,1697,1053
"id_78",0,0,0,0,0,0,0,0,0,0,0,0,0,3057,0,0,0,0,0,0,0,0,0,1054,212,0,0,0,0,0,0,0,733,35,412,2130,209,3163,2081,224,0,0,542,2243,0,0,0,23,21,3449,0,0,0,0,578,0,278,0,0,0,45,46,47,179,4408,5427,4844,534,0,0,6471,6807,6791,6796,6466,6130,3880,4964,0,336,36,0,0,0,550,6867,4863,543,204,705,0,0
"id_79",0,0,7200,0,0,200,0,7200,7200,0,5599,0,0,0,0,0,0,0,0,0,0,6461,0,0,0,0,0,0,0,0,0,0,0,0,0,0,0,0,0,0,7200,0,0,0,0,0,0,0,236,0,0,0,0,0,0,7200,1597,7200,0,7200,0,0,0,2123,0,0,0,0,0,0,0,0,0,0,0,0,0,0,7200,0,0,0,7200,0,0,0,0,0,0,493,0,7200
"id_80",0,0,0,0,0,0,0,0,0,0,0,0,0,0,0,0,0,0,0,0,0,0,0,0,0,0,0,0,0,0,0,0,1566,0,0,657,0,1444,146,0,0,0,0,415,0,0,0,0,250,4329,0,0,0,7200,7200,0,924,0,0,0,0,0,0,2443,7200,4021,7200,736,6184,0,0,7200,7200,3091,7200,7200,7200,7200,0,0,0,7200,0,0,37,5370,4408,0,0,0,0,0
"id_82",0,0,0,0,0,0,0,0,0,0,0,0,0,775,0,0,0,0,0,0,0,0,0,0,0,0,0,0,0,0,0,0,2251,0,0,1441,0,3107,215,0,0,0,0,1229,0,0,0,0,378,3121,0,0,0,0,7200,0,462,0,0,0,0,0,0,0,0,503,4809,909,6208,0,7200,0,7200,3773,7200,7200,7200,7200,0,59,0,7200,0,0,503,0,4411,0,0,246,0,0
"id_83",0,0,0,0,0,0,0,0,0,0,0,0,0,3251,0,0,0,0,13,0,0,0,0,725,28,0,0,0,0,0,0,0,2225,0,0,2645,0,4497,1919,0,0,0,893,2163,0,0,0,0,0,4042,0,0,0,0,0,0,124,0,0,0,0,0,0,822,5631,4685,4087,716,7046,0,7200,7200,0,6519,7199,6848,1565,4161,0,173,0,0,0,0,324,6673,4558,0,0,946,0,0
"id_84",0,0,0,0,0,0,0,0,0,0,0,0,0,3519,0,0,0,0,126,0,0,0,0,464,0,0,0,0,0,0,0,0,1079,0,0,2758,0,3127,2004,0,0,0,3191,4013,0,0,0,0,0,2583,0,0,0,0,0,0,338,0,0,0,65,0,74,3272,7200,5803,6901,677,6895,0,7200,7200,6787,0,7200,7200,0,5493,0,154,0,0,0,0,1,7200,6474,0,222,1028,0,0
"id_85",0,0,0,0,0,0,0,0,7200,7200,0,0,0,0,0,0,0,0,0,0,0,0,0,0,0,0,0,0,0,0,0,0,0,0,0,0,0,191,0,0,0,0,0,148,0,0,0,0,358,1802,0,0,0,7200,7200,0,2723,0,0,0,0,0,0,4679,7200,4162,7200,0,5072,0,7200,7200,1366,116,0,7200,7200,7200,0,0,0,0,0,0,0,1947,4370,0,0,0,0,0
"id_86",0,0,0,0,0,0,0,0,7200,7200,7200,0,0,0,0,0,0,0,0,0,0,0,0,0,0,0,0,0,0,0,0,0,0,0,0,0,0,0,0,0,0,0,0,0,0,0,0,0,412,1884,0,0,3559,7200,7200,0,2737,0,0,0,0,0,0,4645,3878,3575,7200,0,56,0,7200,7200,0,0,7200,0,7200,7200,0,0,0,0,0,0,0,0,0,0,0,0,0,0
"id_87",0,0,0,0,0,0,0,0,0,7200,0,0,0,0,0,0,0,0,0,0,0,0,0,0,0,0,0,0,0,0,0,0,1883,0,0,0,0,99,0,0,0,0,0,571,0,0,0,0,4506,7059,4634,7200,4095,7200,7200,0,2648,0,0,0,0,0,0,0,0,0,38,283,3774,0,7200,7200,0,0,7200,7200,0,7200,0,0,0,7200,0,0,1492,0,0,0,0,0,0,0
"id_88",0,0,0,0,0,0,0,0,0,0,0,0,0,496,0,0,0,0,0,0,0,0,0,0,0,0,0,0,0,0,0,0,2192,0,0,1392,0,3063,219,0,0,0,0,703,0,0,0,0,135,4486,0,0,0,0,7200,0,511,0,0,0,0,0,0,0,3179,4021,6902,849,6382,0,7200,7200,7200,7200,7200,7200,7200,0,0,23,0,665,0,0,65,5415,4427,0,0,151,0,0
"id_90",0,0,7200,7181,7200,7187,7200,7200,0,0,0,0,0,0,69,0,0,0,0,0,0,7200,0,0,0,0,0,0,0,0,590,0,0,0,0,0,0,0,0,0,7200,0,0,0,0,0,0,0,328,0,0,0,0,0,0,7200,1379,7200,0,4701,0,0,0,1922,0,0,0,422,0,7200,0,0,0,0,0,0,0,0,0,0,0,0,0,0,0,0,0,0,0,1875,0,7200
"id_98",0,0,0,0,0,0,0,0,0,0,0,0,0,966,0,0,0,0,993,0,0,0,0,1655,2127,0,142,21,0,2595,0,4252,1257,2350,6286,2772,5456,170,1673,3892,0,767,2658,554,474,163,152,201,0,70,0,0,0,0,0,0,0,0,3,0,0,177,0,0,96,413,0,343,388,0,27,78,183,252,6,0,0,0,0,0,2364,0,0,165,1036,281,928,4031,3489,198,0,0
"id_101",0,0,0,0,0,0,0,0,0,0,0,0,0,1295,0,2316,2889,2494,5477,2664,2341,0,0,890,3059,2071,2577,4603,4343,4207,0,2970,981,4420,2614,841,416,0,0,0,0,0,2229,345,3712,1619,87,3,5,0,0,0,0,0,0,0,0,0,0,0,0,0,0,0,0,305,0,302,0,0,0,0,0,1,0,0,0,0,0,2444,0,0,0,2432,1373,1,311,32,10,1933,3135,0
"id_180",0,0,0,0,0,0,0,0,0,369,0,0,0,0,0,0,0,0,0,0,0,0,0,0,0,0,0,0,0,0,0,0,1885,0,0,0,0,0,0,0,0,0,0,575,0,0,0,0,4458,6869,7200,7200,4149,7200,7200,0,822,0,0,0,0,0,0,0,0,0,0,200,3652,0,7200,4290,0,0,0,7200,7200,7200,0,0,0,0,0,0,1502,0,0,0,0,0,0,0
"id_181",0,7200,0,0,0,0,0,7200,7200,7200,7200,7200,7200,0,0,0,0,0,0,0,0,7200,0,0,0,0,0,0,0,0,2321,0,0,0,0,0,0,0,0,0,7200,0,0,0,0,0,0,0,151,0,0,0,0,0,0,0,2893,0,0,7200,0,0,0,2352,0,0,0,2187,0,7200,0,0,0,0,0,0,0,0,1611,0,0,0,0,0,0,0,0,0,0,421,0,1935
"id_184",0,0,0,0,0,0,0,0,0,0,0,0,0,1474,0,7150,4046,2397,5435,7200,7200,0,7200,3975,4530,3916,7200,7200,7200,146,0,0,302,2178,0,0,0,0,0,0,0,0,213,75,7200,7200,7200,7200,1129,0,0,0,0,0,0,0,0,0,0,0,0,0,0,0,0,294,0,1479,0,0,0,0,0,0,0,0,0,0,0,0,4554,0,0,0,256,0,0,0,0,3436,7193,0
"id_186",0,0,0,0,0,0,0,0,0,0,0,0,0,298,0,0,0,0,729,51,36,0,0,4428,1314,6,151,169,51,28,0,167,2282,3793,3752,4307,1073,905,915,1191,0,0,2349,3662,3659,3703,3747,3762,0,399,1459,1442,1150,1470,1470,23,0,6,3607,0,2815,3767,2536,54,313,1147,25,450,320,0,485,53,255,454,0,65,1707,512,0,1057,1993,1657,0,3545,0,433,313,1481,875,632,224,0
"id_187",0,0,0,0,0,0,0,0,1709,0,0,0,0,2054,0,0,0,0,137,0,0,0,0,544,0,0,0,0,0,0,0,0,726,0,0,1042,0,1736,1688,0,0,0,1669,4195,0,0,0,778,49,3175,0,0,0,0,0,0,442,0,0,0,1780,1774,1780,4555,7200,5665,7200,487,7023,0,5502,7200,5643,7200,7200,7200,0,5430,0,0,0,0,0,0,0,0,6755,0,206,784,0,0
"id_188",0,0,0,0,0,0,0,0,0,0,0,0,0,6264,0,0,0,0,336,0,0,0,0,1376,2438,0,0,0,0,50,0,0,1011,511,1950,4535,0,4587,2839,0,0,0,3916,4428,342,293,604,1531,0,5,0,0,0,0,0,0,0,0,400,0,424,2825,424,197,6661,5382,4592,596,5184,0,201,4498,4381,6726,4535,0,0,0,0,1444,647,0,0,71,741,6955,0,2046,494,1377,0,0
"id_192",0,0,0,0,0,0,0,0,0,0,0,0,0,69,0,0,0,0,789,0,0,0,0,2053,2192,0,0,0,0,0,0,652,719,0,3730,2625,7200,3681,6359,7200,0,1504,4652,627,0,0,0,0,0,0,0,0,0,0,0,0,0,0,0,0,0,0,0,0,0,422,0,362,260,0,0,0,0,0,0,0,0,0,0,6128,0,0,0,0,1286,0,4,0,5402,335,0,0
"id_194",0,0,0,0,0,0,0,0,0,0,0,0,0,310,0,0,0,0,180,0,0,0,0,147,958,0,0,0,0,0,0,301,0,8,925,758,5298,653,583,5230,0,0,1524,289,0,0,0,0,0,0,0,0,0,0,0,0,0,0,0,0,29,94,37,95,149,99,127,0,0,0,0,62,49,478,50,0,0,0,0,1978,0,0,0,0,180,262,207,3238,0,0,0,0
"id_195",0,252,2225,1619,1199,2603,1473,1334,353,0,0,354,0,1323,3032,2682,2419,2224,2338,3279,3347,998,3466,2431,1316,317,772,2519,2427,313,669,50,699,792,677,611,122,695,300,168,745,0,952,278,1097,2049,1885,1848,1076,217,0,0,0,0,0,1355,499,1712,1975,836,1035,1369,1033,602,715,1095,620,0,341,1135,177,518,682,977,427,38,64,31,1668,38,663,21,291,1192,710,965,957,287,0,0,3063,1296
"id_196",0,0,93,0,0,233,0,0,0,0,0,0,0,860,1120,6331,6057,6251,3015,6715,6661,0,6530,3739,1,752,3165,6253,6154,0,0,0,196,474,0,0,0,0,0,0,0,0,218,0,3310,6222,1656,994,1217,0,0,0,0,0,0,549,249,1045,1119,0,400,844,392,271,0,0,0,1256,0,189,0,0,0,0,0,0,0,0,0,0,4500,0,0,5792,403,0,0,0,0,2576,0,0
"id_197",0,0,7200,7200,2633,7200,7200,7200,0,0,0,0,0,0,0,0,0,0,0,0,0,7200,0,0,0,0,0,0,0,0,7200,0,0,0,0,0,0,0,0,0,7200,0,0,0,0,0,0,0,175,0,0,0,0,0,0,7200,1287,7200,0,7200,0,0,0,2340,0,0,0,234,0,7200,0,0,0,0,0,0,0,0,7200,0,0,0,0,0,0,0,0,0,0,1313,0,0
